learning_rate,max_depth,feature_fraction,bagging_fraction,num_leaves,lambda_l1,lambda_l2,cv_cappa_1,cv_cappa_2,cv_cappa_3
0.01,5,0.5,0.5,40,0.01,0.01,0.6076800405429241,0.573591834286987,0.5951096382148267
0.01,5,0.5,0.5,40,0.01,0.1,0.6094812348546711,0.5726227374506321,0.595517712312479
0.01,5,0.5,0.5,40,0.01,1.0,0.6059429699392932,0.5749616638236956,0.5965929075289539
0.01,5,0.5,0.5,40,0.1,0.01,0.6119376983836402,0.5713714999831967,0.5947584739552694
0.01,5,0.5,0.5,40,0.1,0.1,0.610036215146201,0.5736803925979812,0.5946589533961003
0.01,5,0.5,0.5,40,0.1,1.0,0.6078307742564866,0.5753286328266614,0.5921923964422087
0.01,5,0.5,0.5,40,1.0,0.01,0.6104409171398208,0.5771235102078591,0.5949856272480376
0.01,5,0.5,0.5,40,1.0,0.1,0.6099112574428485,0.5735842304325539,0.592526861699712
0.01,5,0.5,0.5,40,1.0,1.0,0.6053940073567505,0.5731881066255988,0.5948308328989698
0.01,5,0.5,0.5,60,0.01,0.01,0.6076800405429241,0.573591834286987,0.5951096382148267
0.01,5,0.5,0.5,60,0.01,0.1,0.6094812348546711,0.5726227374506321,0.595517712312479
0.01,5,0.5,0.5,60,0.01,1.0,0.6059429699392932,0.5749616638236956,0.5965929075289539
0.01,5,0.5,0.5,60,0.1,0.01,0.6119376983836402,0.5713714999831967,0.5947584739552694
0.01,5,0.5,0.5,60,0.1,0.1,0.610036215146201,0.5736803925979812,0.5946589533961003
0.01,5,0.5,0.5,60,0.1,1.0,0.6078307742564866,0.5753286328266614,0.5921923964422087
0.01,5,0.5,0.5,60,1.0,0.01,0.6104409171398208,0.5771235102078591,0.5949856272480376
0.01,5,0.5,0.5,60,1.0,0.1,0.6099112574428485,0.5735842304325539,0.592526861699712
0.01,5,0.5,0.5,60,1.0,1.0,0.6053940073567505,0.5731881066255988,0.5948308328989698
0.01,5,0.5,0.5,80,0.01,0.01,0.6076800405429241,0.573591834286987,0.5951096382148267
0.01,5,0.5,0.5,80,0.01,0.1,0.6094812348546711,0.5726227374506321,0.595517712312479
0.01,5,0.5,0.5,80,0.01,1.0,0.6059429699392932,0.5749616638236956,0.5965929075289539
0.01,5,0.5,0.5,80,0.1,0.01,0.6119376983836402,0.5713714999831967,0.5947584739552694
0.01,5,0.5,0.5,80,0.1,0.1,0.610036215146201,0.5736803925979812,0.5946589533961003
0.01,5,0.5,0.5,80,0.1,1.0,0.6078307742564866,0.5753286328266614,0.5921923964422087
0.01,5,0.5,0.5,80,1.0,0.01,0.6104409171398208,0.5771235102078591,0.5949856272480376
0.01,5,0.5,0.5,80,1.0,0.1,0.6099112574428485,0.5735842304325539,0.592526861699712
0.01,5,0.5,0.5,80,1.0,1.0,0.6053940073567505,0.5731881066255988,0.5948308328989698
0.01,5,0.5,0.5,100,0.01,0.01,0.6076800405429241,0.573591834286987,0.5951096382148267
0.01,5,0.5,0.5,100,0.01,0.1,0.6094812348546711,0.5726227374506321,0.595517712312479
0.01,5,0.5,0.5,100,0.01,1.0,0.6059429699392932,0.5749616638236956,0.5965929075289539
0.01,5,0.5,0.5,100,0.1,0.01,0.6119376983836402,0.5713714999831967,0.5947584739552694
0.01,5,0.5,0.5,100,0.1,0.1,0.610036215146201,0.5736803925979812,0.5946589533961003
0.01,5,0.5,0.5,100,0.1,1.0,0.6078307742564866,0.5753286328266614,0.5921923964422087
0.01,5,0.5,0.5,100,1.0,0.01,0.6104409171398208,0.5771235102078591,0.5949856272480376
0.01,5,0.5,0.5,100,1.0,0.1,0.6099112574428485,0.5735842304325539,0.592526861699712
0.01,5,0.5,0.5,100,1.0,1.0,0.6053940073567505,0.5731881066255988,0.5948308328989698
0.01,5,0.5,0.7,40,0.01,0.01,0.6076800405429241,0.573591834286987,0.5951096382148267
0.01,5,0.5,0.7,40,0.01,0.1,0.6094812348546711,0.5726227374506321,0.595517712312479
0.01,5,0.5,0.7,40,0.01,1.0,0.6059429699392932,0.5749616638236956,0.5965929075289539
0.01,5,0.5,0.7,40,0.1,0.01,0.6119376983836402,0.5713714999831967,0.5947584739552694
0.01,5,0.5,0.7,40,0.1,0.1,0.610036215146201,0.5736803925979812,0.5946589533961003
0.01,5,0.5,0.7,40,0.1,1.0,0.6078307742564866,0.5753286328266614,0.5921923964422087
0.01,5,0.5,0.7,40,1.0,0.01,0.6104409171398208,0.5771235102078591,0.5949856272480376
0.01,5,0.5,0.7,40,1.0,0.1,0.6099112574428485,0.5735842304325539,0.592526861699712
0.01,5,0.5,0.7,40,1.0,1.0,0.6053940073567505,0.5731881066255988,0.5948308328989698
0.01,5,0.5,0.7,60,0.01,0.01,0.6076800405429241,0.573591834286987,0.5951096382148267
0.01,5,0.5,0.7,60,0.01,0.1,0.6094812348546711,0.5726227374506321,0.595517712312479
0.01,5,0.5,0.7,60,0.01,1.0,0.6059429699392932,0.5749616638236956,0.5965929075289539
0.01,5,0.5,0.7,60,0.1,0.01,0.6119376983836402,0.5713714999831967,0.5947584739552694
0.01,5,0.5,0.7,60,0.1,0.1,0.610036215146201,0.5736803925979812,0.5946589533961003
0.01,5,0.5,0.7,60,0.1,1.0,0.6078307742564866,0.5753286328266614,0.5921923964422087
0.01,5,0.5,0.7,60,1.0,0.01,0.6104409171398208,0.5771235102078591,0.5949856272480376
0.01,5,0.5,0.7,60,1.0,0.1,0.6099112574428485,0.5735842304325539,0.592526861699712
0.01,5,0.5,0.7,60,1.0,1.0,0.6053940073567505,0.5731881066255988,0.5948308328989698
0.01,5,0.5,0.7,80,0.01,0.01,0.6076800405429241,0.573591834286987,0.5951096382148267
0.01,5,0.5,0.7,80,0.01,0.1,0.6094812348546711,0.5726227374506321,0.595517712312479
0.01,5,0.5,0.7,80,0.01,1.0,0.6059429699392932,0.5749616638236956,0.5965929075289539
0.01,5,0.5,0.7,80,0.1,0.01,0.6119376983836402,0.5713714999831967,0.5947584739552694
0.01,5,0.5,0.7,80,0.1,0.1,0.610036215146201,0.5736803925979812,0.5946589533961003
0.01,5,0.5,0.7,80,0.1,1.0,0.6078307742564866,0.5753286328266614,0.5921923964422087
0.01,5,0.5,0.7,80,1.0,0.01,0.6104409171398208,0.5771235102078591,0.5949856272480376
0.01,5,0.5,0.7,80,1.0,0.1,0.6099112574428485,0.5735842304325539,0.592526861699712
0.01,5,0.5,0.7,80,1.0,1.0,0.6053940073567505,0.5731881066255988,0.5948308328989698
0.01,5,0.5,0.7,100,0.01,0.01,0.6076800405429241,0.573591834286987,0.5951096382148267
0.01,5,0.5,0.7,100,0.01,0.1,0.6094812348546711,0.5726227374506321,0.595517712312479
0.01,5,0.5,0.7,100,0.01,1.0,0.6059429699392932,0.5749616638236956,0.5965929075289539
0.01,5,0.5,0.7,100,0.1,0.01,0.6119376983836402,0.5713714999831967,0.5947584739552694
0.01,5,0.5,0.7,100,0.1,0.1,0.610036215146201,0.5736803925979812,0.5946589533961003
0.01,5,0.5,0.7,100,0.1,1.0,0.6078307742564866,0.5753286328266614,0.5921923964422087
0.01,5,0.5,0.7,100,1.0,0.01,0.6104409171398208,0.5771235102078591,0.5949856272480376
0.01,5,0.5,0.7,100,1.0,0.1,0.6099112574428485,0.5735842304325539,0.592526861699712
0.01,5,0.5,0.7,100,1.0,1.0,0.6053940073567505,0.5731881066255988,0.5948308328989698
0.01,5,0.5,1.0,40,0.01,0.01,0.6076800405429241,0.573591834286987,0.5951096382148267
0.01,5,0.5,1.0,40,0.01,0.1,0.6094812348546711,0.5726227374506321,0.595517712312479
0.01,5,0.5,1.0,40,0.01,1.0,0.6059429699392932,0.5749616638236956,0.5965929075289539
0.01,5,0.5,1.0,40,0.1,0.01,0.6119376983836402,0.5713714999831967,0.5947584739552694
0.01,5,0.5,1.0,40,0.1,0.1,0.610036215146201,0.5736803925979812,0.5946589533961003
0.01,5,0.5,1.0,40,0.1,1.0,0.6078307742564866,0.5753286328266614,0.5921923964422087
0.01,5,0.5,1.0,40,1.0,0.01,0.6104409171398208,0.5771235102078591,0.5949856272480376
0.01,5,0.5,1.0,40,1.0,0.1,0.6099112574428485,0.5735842304325539,0.592526861699712
0.01,5,0.5,1.0,40,1.0,1.0,0.6053940073567505,0.5731881066255988,0.5948308328989698
0.01,5,0.5,1.0,60,0.01,0.01,0.6076800405429241,0.573591834286987,0.5951096382148267
0.01,5,0.5,1.0,60,0.01,0.1,0.6094812348546711,0.5726227374506321,0.595517712312479
0.01,5,0.5,1.0,60,0.01,1.0,0.6059429699392932,0.5749616638236956,0.5965929075289539
0.01,5,0.5,1.0,60,0.1,0.01,0.6119376983836402,0.5713714999831967,0.5947584739552694
0.01,5,0.5,1.0,60,0.1,0.1,0.610036215146201,0.5736803925979812,0.5946589533961003
0.01,5,0.5,1.0,60,0.1,1.0,0.6078307742564866,0.5753286328266614,0.5921923964422087
0.01,5,0.5,1.0,60,1.0,0.01,0.6104409171398208,0.5771235102078591,0.5949856272480376
0.01,5,0.5,1.0,60,1.0,0.1,0.6099112574428485,0.5735842304325539,0.592526861699712
0.01,5,0.5,1.0,60,1.0,1.0,0.6053940073567505,0.5731881066255988,0.5948308328989698
0.01,5,0.5,1.0,80,0.01,0.01,0.6076800405429241,0.573591834286987,0.5951096382148267
0.01,5,0.5,1.0,80,0.01,0.1,0.6094812348546711,0.5726227374506321,0.595517712312479
0.01,5,0.5,1.0,80,0.01,1.0,0.6059429699392932,0.5749616638236956,0.5965929075289539
0.01,5,0.5,1.0,80,0.1,0.01,0.6119376983836402,0.5713714999831967,0.5947584739552694
0.01,5,0.5,1.0,80,0.1,0.1,0.610036215146201,0.5736803925979812,0.5946589533961003
0.01,5,0.5,1.0,80,0.1,1.0,0.6078307742564866,0.5753286328266614,0.5921923964422087
0.01,5,0.5,1.0,80,1.0,0.01,0.6104409171398208,0.5771235102078591,0.5949856272480376
0.01,5,0.5,1.0,80,1.0,0.1,0.6099112574428485,0.5735842304325539,0.592526861699712
0.01,5,0.5,1.0,80,1.0,1.0,0.6053940073567505,0.5731881066255988,0.5948308328989698
0.01,5,0.5,1.0,100,0.01,0.01,0.6076800405429241,0.573591834286987,0.5951096382148267
0.01,5,0.5,1.0,100,0.01,0.1,0.6094812348546711,0.5726227374506321,0.595517712312479
0.01,5,0.5,1.0,100,0.01,1.0,0.6059429699392932,0.5749616638236956,0.5965929075289539
0.01,5,0.5,1.0,100,0.1,0.01,0.6119376983836402,0.5713714999831967,0.5947584739552694
0.01,5,0.5,1.0,100,0.1,0.1,0.610036215146201,0.5736803925979812,0.5946589533961003
0.01,5,0.5,1.0,100,0.1,1.0,0.6078307742564866,0.5753286328266614,0.5921923964422087
0.01,5,0.5,1.0,100,1.0,0.01,0.6104409171398208,0.5771235102078591,0.5949856272480376
0.01,5,0.5,1.0,100,1.0,0.1,0.6099112574428485,0.5735842304325539,0.592526861699712
0.01,5,0.5,1.0,100,1.0,1.0,0.6053940073567505,0.5731881066255988,0.5948308328989698
0.01,5,0.7,0.5,40,0.01,0.01,0.6066571501944129,0.5684160064746295,0.6000161384050441
0.01,5,0.7,0.5,40,0.01,0.1,0.6085226556603618,0.5689826108638436,0.5998746338134184
0.01,5,0.7,0.5,40,0.01,1.0,0.6087181397763,0.5721000727196519,0.5991189534926329
0.01,5,0.7,0.5,40,0.1,0.01,0.6077450120290435,0.5662673250411978,0.5993106276662219
0.01,5,0.7,0.5,40,0.1,0.1,0.6076800746947479,0.5643452751623803,0.600877138295696
0.01,5,0.7,0.5,40,0.1,1.0,0.6082574702171826,0.574696330753923,0.5931045824743476
0.01,5,0.7,0.5,40,1.0,0.01,0.6090758980496598,0.5702435150463705,0.5943628013819906
0.01,5,0.7,0.5,40,1.0,0.1,0.6070993287208732,0.5702255522865626,0.6007408912908198
0.01,5,0.7,0.5,40,1.0,1.0,0.6093091376631192,0.5702042850536388,0.601140870226742
0.01,5,0.7,0.5,60,0.01,0.01,0.6066571501944129,0.5684160064746295,0.6000161384050441
0.01,5,0.7,0.5,60,0.01,0.1,0.6085226556603618,0.5689826108638436,0.5998746338134184
0.01,5,0.7,0.5,60,0.01,1.0,0.6087181397763,0.5721000727196519,0.5991189534926329
0.01,5,0.7,0.5,60,0.1,0.01,0.6077450120290435,0.5662673250411978,0.5993106276662219
0.01,5,0.7,0.5,60,0.1,0.1,0.6076800746947479,0.5643452751623803,0.600877138295696
0.01,5,0.7,0.5,60,0.1,1.0,0.6082574702171826,0.574696330753923,0.5931045824743476
0.01,5,0.7,0.5,60,1.0,0.01,0.6090758980496598,0.5702435150463705,0.5943628013819906
0.01,5,0.7,0.5,60,1.0,0.1,0.6070993287208732,0.5702255522865626,0.6007408912908198
0.01,5,0.7,0.5,60,1.0,1.0,0.6093091376631192,0.5702042850536388,0.601140870226742
0.01,5,0.7,0.5,80,0.01,0.01,0.6066571501944129,0.5684160064746295,0.6000161384050441
0.01,5,0.7,0.5,80,0.01,0.1,0.6085226556603618,0.5689826108638436,0.5998746338134184
0.01,5,0.7,0.5,80,0.01,1.0,0.6087181397763,0.5721000727196519,0.5991189534926329
0.01,5,0.7,0.5,80,0.1,0.01,0.6077450120290435,0.5662673250411978,0.5993106276662219
0.01,5,0.7,0.5,80,0.1,0.1,0.6076800746947479,0.5643452751623803,0.600877138295696
0.01,5,0.7,0.5,80,0.1,1.0,0.6082574702171826,0.574696330753923,0.5931045824743476
0.01,5,0.7,0.5,80,1.0,0.01,0.6090758980496598,0.5702435150463705,0.5943628013819906
0.01,5,0.7,0.5,80,1.0,0.1,0.6070993287208732,0.5702255522865626,0.6007408912908198
0.01,5,0.7,0.5,80,1.0,1.0,0.6093091376631192,0.5702042850536388,0.601140870226742
0.01,5,0.7,0.5,100,0.01,0.01,0.6066571501944129,0.5684160064746295,0.6000161384050441
0.01,5,0.7,0.5,100,0.01,0.1,0.6085226556603618,0.5689826108638436,0.5998746338134184
0.01,5,0.7,0.5,100,0.01,1.0,0.6087181397763,0.5721000727196519,0.5991189534926329
0.01,5,0.7,0.5,100,0.1,0.01,0.6077450120290435,0.5662673250411978,0.5993106276662219
0.01,5,0.7,0.5,100,0.1,0.1,0.6076800746947479,0.5643452751623803,0.600877138295696
0.01,5,0.7,0.5,100,0.1,1.0,0.6082574702171826,0.574696330753923,0.5931045824743476
0.01,5,0.7,0.5,100,1.0,0.01,0.6090758980496598,0.5702435150463705,0.5943628013819906
0.01,5,0.7,0.5,100,1.0,0.1,0.6070993287208732,0.5702255522865626,0.6007408912908198
0.01,5,0.7,0.5,100,1.0,1.0,0.6093091376631192,0.5702042850536388,0.601140870226742
0.01,5,0.7,0.7,40,0.01,0.01,0.6066571501944129,0.5684160064746295,0.6000161384050441
0.01,5,0.7,0.7,40,0.01,0.1,0.6085226556603618,0.5689826108638436,0.5998746338134184
0.01,5,0.7,0.7,40,0.01,1.0,0.6087181397763,0.5721000727196519,0.5991189534926329
0.01,5,0.7,0.7,40,0.1,0.01,0.6077450120290435,0.5662673250411978,0.5993106276662219
0.01,5,0.7,0.7,40,0.1,0.1,0.6076800746947479,0.5643452751623803,0.600877138295696
0.01,5,0.7,0.7,40,0.1,1.0,0.6082574702171826,0.574696330753923,0.5931045824743476
0.01,5,0.7,0.7,40,1.0,0.01,0.6090758980496598,0.5702435150463705,0.5943628013819906
0.01,5,0.7,0.7,40,1.0,0.1,0.6070993287208732,0.5702255522865626,0.6007408912908198
0.01,5,0.7,0.7,40,1.0,1.0,0.6093091376631192,0.5702042850536388,0.601140870226742
0.01,5,0.7,0.7,60,0.01,0.01,0.6066571501944129,0.5684160064746295,0.6000161384050441
0.01,5,0.7,0.7,60,0.01,0.1,0.6085226556603618,0.5689826108638436,0.5998746338134184
0.01,5,0.7,0.7,60,0.01,1.0,0.6087181397763,0.5721000727196519,0.5991189534926329
0.01,5,0.7,0.7,60,0.1,0.01,0.6077450120290435,0.5662673250411978,0.5993106276662219
0.01,5,0.7,0.7,60,0.1,0.1,0.6076800746947479,0.5643452751623803,0.600877138295696
0.01,5,0.7,0.7,60,0.1,1.0,0.6082574702171826,0.574696330753923,0.5931045824743476
0.01,5,0.7,0.7,60,1.0,0.01,0.6090758980496598,0.5702435150463705,0.5943628013819906
0.01,5,0.7,0.7,60,1.0,0.1,0.6070993287208732,0.5702255522865626,0.6007408912908198
0.01,5,0.7,0.7,60,1.0,1.0,0.6093091376631192,0.5702042850536388,0.601140870226742
0.01,5,0.7,0.7,80,0.01,0.01,0.6066571501944129,0.5684160064746295,0.6000161384050441
0.01,5,0.7,0.7,80,0.01,0.1,0.6085226556603618,0.5689826108638436,0.5998746338134184
0.01,5,0.7,0.7,80,0.01,1.0,0.6087181397763,0.5721000727196519,0.5991189534926329
0.01,5,0.7,0.7,80,0.1,0.01,0.6077450120290435,0.5662673250411978,0.5993106276662219
0.01,5,0.7,0.7,80,0.1,0.1,0.6076800746947479,0.5643452751623803,0.600877138295696
0.01,5,0.7,0.7,80,0.1,1.0,0.6082574702171826,0.574696330753923,0.5931045824743476
0.01,5,0.7,0.7,80,1.0,0.01,0.6090758980496598,0.5702435150463705,0.5943628013819906
0.01,5,0.7,0.7,80,1.0,0.1,0.6070993287208732,0.5702255522865626,0.6007408912908198
0.01,5,0.7,0.7,80,1.0,1.0,0.6093091376631192,0.5702042850536388,0.601140870226742
0.01,5,0.7,0.7,100,0.01,0.01,0.6066571501944129,0.5684160064746295,0.6000161384050441
0.01,5,0.7,0.7,100,0.01,0.1,0.6085226556603618,0.5689826108638436,0.5998746338134184
0.01,5,0.7,0.7,100,0.01,1.0,0.6087181397763,0.5721000727196519,0.5991189534926329
0.01,5,0.7,0.7,100,0.1,0.01,0.6077450120290435,0.5662673250411978,0.5993106276662219
0.01,5,0.7,0.7,100,0.1,0.1,0.6076800746947479,0.5643452751623803,0.600877138295696
0.01,5,0.7,0.7,100,0.1,1.0,0.6082574702171826,0.574696330753923,0.5931045824743476
0.01,5,0.7,0.7,100,1.0,0.01,0.6090758980496598,0.5702435150463705,0.5943628013819906
0.01,5,0.7,0.7,100,1.0,0.1,0.6070993287208732,0.5702255522865626,0.6007408912908198
0.01,5,0.7,0.7,100,1.0,1.0,0.6093091376631192,0.5702042850536388,0.601140870226742
0.01,5,0.7,1.0,40,0.01,0.01,0.6066571501944129,0.5684160064746295,0.6000161384050441
0.01,5,0.7,1.0,40,0.01,0.1,0.6085226556603618,0.5689826108638436,0.5998746338134184
0.01,5,0.7,1.0,40,0.01,1.0,0.6087181397763,0.5721000727196519,0.5991189534926329
0.01,5,0.7,1.0,40,0.1,0.01,0.6077450120290435,0.5662673250411978,0.5993106276662219
0.01,5,0.7,1.0,40,0.1,0.1,0.6076800746947479,0.5643452751623803,0.600877138295696
0.01,5,0.7,1.0,40,0.1,1.0,0.6082574702171826,0.574696330753923,0.5931045824743476
0.01,5,0.7,1.0,40,1.0,0.01,0.6090758980496598,0.5702435150463705,0.5943628013819906
0.01,5,0.7,1.0,40,1.0,0.1,0.6070993287208732,0.5702255522865626,0.6007408912908198
0.01,5,0.7,1.0,40,1.0,1.0,0.6093091376631192,0.5702042850536388,0.601140870226742
0.01,5,0.7,1.0,60,0.01,0.01,0.6066571501944129,0.5684160064746295,0.6000161384050441
0.01,5,0.7,1.0,60,0.01,0.1,0.6085226556603618,0.5689826108638436,0.5998746338134184
0.01,5,0.7,1.0,60,0.01,1.0,0.6087181397763,0.5721000727196519,0.5991189534926329
0.01,5,0.7,1.0,60,0.1,0.01,0.6077450120290435,0.5662673250411978,0.5993106276662219
0.01,5,0.7,1.0,60,0.1,0.1,0.6076800746947479,0.5643452751623803,0.600877138295696
0.01,5,0.7,1.0,60,0.1,1.0,0.6082574702171826,0.574696330753923,0.5931045824743476
0.01,5,0.7,1.0,60,1.0,0.01,0.6090758980496598,0.5702435150463705,0.5943628013819906
0.01,5,0.7,1.0,60,1.0,0.1,0.6070993287208732,0.5702255522865626,0.6007408912908198
0.01,5,0.7,1.0,60,1.0,1.0,0.6093091376631192,0.5702042850536388,0.601140870226742
0.01,5,0.7,1.0,80,0.01,0.01,0.6066571501944129,0.5684160064746295,0.6000161384050441
0.01,5,0.7,1.0,80,0.01,0.1,0.6085226556603618,0.5689826108638436,0.5998746338134184
0.01,5,0.7,1.0,80,0.01,1.0,0.6087181397763,0.5721000727196519,0.5991189534926329
0.01,5,0.7,1.0,80,0.1,0.01,0.6077450120290435,0.5662673250411978,0.5993106276662219
0.01,5,0.7,1.0,80,0.1,0.1,0.6076800746947479,0.5643452751623803,0.600877138295696
0.01,5,0.7,1.0,80,0.1,1.0,0.6082574702171826,0.574696330753923,0.5931045824743476
0.01,5,0.7,1.0,80,1.0,0.01,0.6090758980496598,0.5702435150463705,0.5943628013819906
0.01,5,0.7,1.0,80,1.0,0.1,0.6070993287208732,0.5702255522865626,0.6007408912908198
0.01,5,0.7,1.0,80,1.0,1.0,0.6093091376631192,0.5702042850536388,0.601140870226742
0.01,5,0.7,1.0,100,0.01,0.01,0.6066571501944129,0.5684160064746295,0.6000161384050441
0.01,5,0.7,1.0,100,0.01,0.1,0.6085226556603618,0.5689826108638436,0.5998746338134184
0.01,5,0.7,1.0,100,0.01,1.0,0.6087181397763,0.5721000727196519,0.5991189534926329
0.01,5,0.7,1.0,100,0.1,0.01,0.6077450120290435,0.5662673250411978,0.5993106276662219
0.01,5,0.7,1.0,100,0.1,0.1,0.6076800746947479,0.5643452751623803,0.600877138295696
0.01,5,0.7,1.0,100,0.1,1.0,0.6082574702171826,0.574696330753923,0.5931045824743476
0.01,5,0.7,1.0,100,1.0,0.01,0.6090758980496598,0.5702435150463705,0.5943628013819906
0.01,5,0.7,1.0,100,1.0,0.1,0.6070993287208732,0.5702255522865626,0.6007408912908198
0.01,5,0.7,1.0,100,1.0,1.0,0.6093091376631192,0.5702042850536388,0.601140870226742
0.01,5,1.0,0.5,40,0.01,0.01,0.610258559937549,0.5679250910121253,0.6020352714920207
0.01,5,1.0,0.5,40,0.01,0.1,0.6098359037801481,0.566118934844908,0.6021867473045817
0.01,5,1.0,0.5,40,0.01,1.0,0.6047282476625753,0.5679850816506111,0.6004917888333582
0.01,5,1.0,0.5,40,0.1,0.01,0.6061318931096401,0.5684578523625465,0.600769837980129
0.01,5,1.0,0.5,40,0.1,0.1,0.6083400429910364,0.5688530113816299,0.598860248308416
0.01,5,1.0,0.5,40,0.1,1.0,0.6085605093289179,0.5685341940916462,0.5994609732598233
0.01,5,1.0,0.5,40,1.0,0.01,0.606070943702113,0.565786386396438,0.6028545386427933
0.01,5,1.0,0.5,40,1.0,0.1,0.6075423320172213,0.5670152987430068,0.6012263322183562
0.01,5,1.0,0.5,40,1.0,1.0,0.6095587691334673,0.5694961252967907,0.6015169132994056
0.01,5,1.0,0.5,60,0.01,0.01,0.610258559937549,0.5679250910121253,0.6020352714920207
0.01,5,1.0,0.5,60,0.01,0.1,0.6098359037801481,0.566118934844908,0.6021867473045817
0.01,5,1.0,0.5,60,0.01,1.0,0.6047282476625753,0.5679850816506111,0.6004917888333582
0.01,5,1.0,0.5,60,0.1,0.01,0.6061318931096401,0.5684578523625465,0.600769837980129
0.01,5,1.0,0.5,60,0.1,0.1,0.6083400429910364,0.5688530113816299,0.598860248308416
0.01,5,1.0,0.5,60,0.1,1.0,0.6085605093289179,0.5685341940916462,0.5994609732598233
0.01,5,1.0,0.5,60,1.0,0.01,0.606070943702113,0.565786386396438,0.6028545386427933
0.01,5,1.0,0.5,60,1.0,0.1,0.6075423320172213,0.5670152987430068,0.6012263322183562
0.01,5,1.0,0.5,60,1.0,1.0,0.6095587691334673,0.5694961252967907,0.6015169132994056
0.01,5,1.0,0.5,80,0.01,0.01,0.610258559937549,0.5679250910121253,0.6020352714920207
0.01,5,1.0,0.5,80,0.01,0.1,0.6098359037801481,0.566118934844908,0.6021867473045817
0.01,5,1.0,0.5,80,0.01,1.0,0.6047282476625753,0.5679850816506111,0.6004917888333582
0.01,5,1.0,0.5,80,0.1,0.01,0.6061318931096401,0.5684578523625465,0.600769837980129
0.01,5,1.0,0.5,80,0.1,0.1,0.6083400429910364,0.5688530113816299,0.598860248308416
0.01,5,1.0,0.5,80,0.1,1.0,0.6085605093289179,0.5685341940916462,0.5994609732598233
0.01,5,1.0,0.5,80,1.0,0.01,0.606070943702113,0.565786386396438,0.6028545386427933
0.01,5,1.0,0.5,80,1.0,0.1,0.6075423320172213,0.5670152987430068,0.6012263322183562
0.01,5,1.0,0.5,80,1.0,1.0,0.6095587691334673,0.5694961252967907,0.6015169132994056
0.01,5,1.0,0.5,100,0.01,0.01,0.610258559937549,0.5679250910121253,0.6020352714920207
0.01,5,1.0,0.5,100,0.01,0.1,0.6098359037801481,0.566118934844908,0.6021867473045817
0.01,5,1.0,0.5,100,0.01,1.0,0.6047282476625753,0.5679850816506111,0.6004917888333582
0.01,5,1.0,0.5,100,0.1,0.01,0.6061318931096401,0.5684578523625465,0.600769837980129
0.01,5,1.0,0.5,100,0.1,0.1,0.6083400429910364,0.5688530113816299,0.598860248308416
0.01,5,1.0,0.5,100,0.1,1.0,0.6085605093289179,0.5685341940916462,0.5994609732598233
0.01,5,1.0,0.5,100,1.0,0.01,0.606070943702113,0.565786386396438,0.6028545386427933
0.01,5,1.0,0.5,100,1.0,0.1,0.6075423320172213,0.5670152987430068,0.6012263322183562
0.01,5,1.0,0.5,100,1.0,1.0,0.6095587691334673,0.5694961252967907,0.6015169132994056
0.01,5,1.0,0.7,40,0.01,0.01,0.610258559937549,0.5679250910121253,0.6020352714920207
0.01,5,1.0,0.7,40,0.01,0.1,0.6098359037801481,0.566118934844908,0.6021867473045817
0.01,5,1.0,0.7,40,0.01,1.0,0.6047282476625753,0.5679850816506111,0.6004917888333582
0.01,5,1.0,0.7,40,0.1,0.01,0.6061318931096401,0.5684578523625465,0.600769837980129
0.01,5,1.0,0.7,40,0.1,0.1,0.6083400429910364,0.5688530113816299,0.598860248308416
0.01,5,1.0,0.7,40,0.1,1.0,0.6085605093289179,0.5685341940916462,0.5994609732598233
0.01,5,1.0,0.7,40,1.0,0.01,0.606070943702113,0.565786386396438,0.6028545386427933
0.01,5,1.0,0.7,40,1.0,0.1,0.6075423320172213,0.5670152987430068,0.6012263322183562
0.01,5,1.0,0.7,40,1.0,1.0,0.6095587691334673,0.5694961252967907,0.6015169132994056
0.01,5,1.0,0.7,60,0.01,0.01,0.610258559937549,0.5679250910121253,0.6020352714920207
0.01,5,1.0,0.7,60,0.01,0.1,0.6098359037801481,0.566118934844908,0.6021867473045817
0.01,5,1.0,0.7,60,0.01,1.0,0.6047282476625753,0.5679850816506111,0.6004917888333582
0.01,5,1.0,0.7,60,0.1,0.01,0.6061318931096401,0.5684578523625465,0.600769837980129
0.01,5,1.0,0.7,60,0.1,0.1,0.6083400429910364,0.5688530113816299,0.598860248308416
0.01,5,1.0,0.7,60,0.1,1.0,0.6085605093289179,0.5685341940916462,0.5994609732598233
0.01,5,1.0,0.7,60,1.0,0.01,0.606070943702113,0.565786386396438,0.6028545386427933
0.01,5,1.0,0.7,60,1.0,0.1,0.6075423320172213,0.5670152987430068,0.6012263322183562
0.01,5,1.0,0.7,60,1.0,1.0,0.6095587691334673,0.5694961252967907,0.6015169132994056
0.01,5,1.0,0.7,80,0.01,0.01,0.610258559937549,0.5679250910121253,0.6020352714920207
0.01,5,1.0,0.7,80,0.01,0.1,0.6098359037801481,0.566118934844908,0.6021867473045817
0.01,5,1.0,0.7,80,0.01,1.0,0.6047282476625753,0.5679850816506111,0.6004917888333582
0.01,5,1.0,0.7,80,0.1,0.01,0.6061318931096401,0.5684578523625465,0.600769837980129
0.01,5,1.0,0.7,80,0.1,0.1,0.6083400429910364,0.5688530113816299,0.598860248308416
0.01,5,1.0,0.7,80,0.1,1.0,0.6085605093289179,0.5685341940916462,0.5994609732598233
0.01,5,1.0,0.7,80,1.0,0.01,0.606070943702113,0.565786386396438,0.6028545386427933
0.01,5,1.0,0.7,80,1.0,0.1,0.6075423320172213,0.5670152987430068,0.6012263322183562
0.01,5,1.0,0.7,80,1.0,1.0,0.6095587691334673,0.5694961252967907,0.6015169132994056
0.01,5,1.0,0.7,100,0.01,0.01,0.610258559937549,0.5679250910121253,0.6020352714920207
0.01,5,1.0,0.7,100,0.01,0.1,0.6098359037801481,0.566118934844908,0.6021867473045817
0.01,5,1.0,0.7,100,0.01,1.0,0.6047282476625753,0.5679850816506111,0.6004917888333582
0.01,5,1.0,0.7,100,0.1,0.01,0.6061318931096401,0.5684578523625465,0.600769837980129
0.01,5,1.0,0.7,100,0.1,0.1,0.6083400429910364,0.5688530113816299,0.598860248308416
0.01,5,1.0,0.7,100,0.1,1.0,0.6085605093289179,0.5685341940916462,0.5994609732598233
0.01,5,1.0,0.7,100,1.0,0.01,0.606070943702113,0.565786386396438,0.6028545386427933
0.01,5,1.0,0.7,100,1.0,0.1,0.6075423320172213,0.5670152987430068,0.6012263322183562
0.01,5,1.0,0.7,100,1.0,1.0,0.6095587691334673,0.5694961252967907,0.6015169132994056
0.01,5,1.0,1.0,40,0.01,0.01,0.610258559937549,0.5679250910121253,0.6020352714920207
0.01,5,1.0,1.0,40,0.01,0.1,0.6098359037801481,0.566118934844908,0.6021867473045817
0.01,5,1.0,1.0,40,0.01,1.0,0.6047282476625753,0.5679850816506111,0.6004917888333582
0.01,5,1.0,1.0,40,0.1,0.01,0.6061318931096401,0.5684578523625465,0.600769837980129
0.01,5,1.0,1.0,40,0.1,0.1,0.6083400429910364,0.5688530113816299,0.598860248308416
0.01,5,1.0,1.0,40,0.1,1.0,0.6085605093289179,0.5685341940916462,0.5994609732598233
0.01,5,1.0,1.0,40,1.0,0.01,0.606070943702113,0.565786386396438,0.6028545386427933
0.01,5,1.0,1.0,40,1.0,0.1,0.6075423320172213,0.5670152987430068,0.6012263322183562
0.01,5,1.0,1.0,40,1.0,1.0,0.6095587691334673,0.5694961252967907,0.6015169132994056
0.01,5,1.0,1.0,60,0.01,0.01,0.610258559937549,0.5679250910121253,0.6020352714920207
0.01,5,1.0,1.0,60,0.01,0.1,0.6098359037801481,0.566118934844908,0.6021867473045817
0.01,5,1.0,1.0,60,0.01,1.0,0.6047282476625753,0.5679850816506111,0.6004917888333582
0.01,5,1.0,1.0,60,0.1,0.01,0.6061318931096401,0.5684578523625465,0.600769837980129
0.01,5,1.0,1.0,60,0.1,0.1,0.6083400429910364,0.5688530113816299,0.598860248308416
0.01,5,1.0,1.0,60,0.1,1.0,0.6085605093289179,0.5685341940916462,0.5994609732598233
0.01,5,1.0,1.0,60,1.0,0.01,0.606070943702113,0.565786386396438,0.6028545386427933
0.01,5,1.0,1.0,60,1.0,0.1,0.6075423320172213,0.5670152987430068,0.6012263322183562
0.01,5,1.0,1.0,60,1.0,1.0,0.6095587691334673,0.5694961252967907,0.6015169132994056
0.01,5,1.0,1.0,80,0.01,0.01,0.610258559937549,0.5679250910121253,0.6020352714920207
0.01,5,1.0,1.0,80,0.01,0.1,0.6098359037801481,0.566118934844908,0.6021867473045817
0.01,5,1.0,1.0,80,0.01,1.0,0.6047282476625753,0.5679850816506111,0.6004917888333582
0.01,5,1.0,1.0,80,0.1,0.01,0.6061318931096401,0.5684578523625465,0.600769837980129
0.01,5,1.0,1.0,80,0.1,0.1,0.6083400429910364,0.5688530113816299,0.598860248308416
0.01,5,1.0,1.0,80,0.1,1.0,0.6085605093289179,0.5685341940916462,0.5994609732598233
0.01,5,1.0,1.0,80,1.0,0.01,0.606070943702113,0.565786386396438,0.6028545386427933
0.01,5,1.0,1.0,80,1.0,0.1,0.6075423320172213,0.5670152987430068,0.6012263322183562
0.01,5,1.0,1.0,80,1.0,1.0,0.6095587691334673,0.5694961252967907,0.6015169132994056
0.01,5,1.0,1.0,100,0.01,0.01,0.610258559937549,0.5679250910121253,0.6020352714920207
0.01,5,1.0,1.0,100,0.01,0.1,0.6098359037801481,0.566118934844908,0.6021867473045817
0.01,5,1.0,1.0,100,0.01,1.0,0.6047282476625753,0.5679850816506111,0.6004917888333582
0.01,5,1.0,1.0,100,0.1,0.01,0.6061318931096401,0.5684578523625465,0.600769837980129
0.01,5,1.0,1.0,100,0.1,0.1,0.6083400429910364,0.5688530113816299,0.598860248308416
0.01,5,1.0,1.0,100,0.1,1.0,0.6085605093289179,0.5685341940916462,0.5994609732598233
0.01,5,1.0,1.0,100,1.0,0.01,0.606070943702113,0.565786386396438,0.6028545386427933
0.01,5,1.0,1.0,100,1.0,0.1,0.6075423320172213,0.5670152987430068,0.6012263322183562
0.01,5,1.0,1.0,100,1.0,1.0,0.6095587691334673,0.5694961252967907,0.6015169132994056
0.01,10,0.5,0.5,40,0.01,0.01,0.6100046053580849,0.5832993753083353,0.5999560964298986
0.01,10,0.5,0.5,40,0.01,0.1,0.6098187470402566,0.5818752949301613,0.5974788170714593
0.01,10,0.5,0.5,40,0.01,1.0,0.6099549825852831,0.5846744795167629,0.5971970625651413
0.01,10,0.5,0.5,40,0.1,0.01,0.6080078310009751,0.5843775999924408,0.5961568296925838
0.01,10,0.5,0.5,40,0.1,0.1,0.6132283445855113,0.5843741956860441,0.5978788934622161
0.01,10,0.5,0.5,40,0.1,1.0,0.6096818507192563,0.5797733406814551,0.5993656417265913
0.01,10,0.5,0.5,40,1.0,0.01,0.6076820545631593,0.5837917755065662,0.5981178807272961
0.01,10,0.5,0.5,40,1.0,0.1,0.6095000158199196,0.5851347075936782,0.59617259988697
0.01,10,0.5,0.5,40,1.0,1.0,0.6099421907440075,0.584016983546333,0.5980574698844369
0.01,10,0.5,0.5,60,0.01,0.01,0.6051675721104406,0.5832711607131182,0.5967785598487532
0.01,10,0.5,0.5,60,0.01,0.1,0.6085481513766897,0.5801755936585163,0.5953973512996328
0.01,10,0.5,0.5,60,0.01,1.0,0.6062704023423997,0.5806218933758716,0.5961681427327792
0.01,10,0.5,0.5,60,0.1,0.01,0.6079166563509273,0.5817947344582476,0.5945849466980073
0.01,10,0.5,0.5,60,0.1,0.1,0.6074500391965452,0.5815918957147925,0.5947932091471164
0.01,10,0.5,0.5,60,0.1,1.0,0.6095602335800453,0.5812692568280264,0.5954202688610114
0.01,10,0.5,0.5,60,1.0,0.01,0.6049748359054772,0.5849895235796925,0.598357495666411
0.01,10,0.5,0.5,60,1.0,0.1,0.6075239786125447,0.5841540027808465,0.5986544846822228
0.01,10,0.5,0.5,60,1.0,1.0,0.6067428986652508,0.5826576073924769,0.5964983149623735
0.01,10,0.5,0.5,80,0.01,0.01,0.602420062108679,0.580354870608627,0.5948791894219418
0.01,10,0.5,0.5,80,0.01,0.1,0.6048898107982492,0.5789956238002524,0.5934795209123844
0.01,10,0.5,0.5,80,0.01,1.0,0.6033731376499174,0.5817027708445537,0.5953161857766878
0.01,10,0.5,0.5,80,0.1,0.01,0.6055516322055338,0.579118179332863,0.5946457785560517
0.01,10,0.5,0.5,80,0.1,0.1,0.6035839851932014,0.5820455412897303,0.596522773502791
0.01,10,0.5,0.5,80,0.1,1.0,0.605787485201857,0.5812319025684416,0.5962529156259595
0.01,10,0.5,0.5,80,1.0,0.01,0.602410858145866,0.5794130548133707,0.5952946957895393
0.01,10,0.5,0.5,80,1.0,0.1,0.6058474950200385,0.5784411437920467,0.5959513777922767
0.01,10,0.5,0.5,80,1.0,1.0,0.603961071043744,0.5791191339292188,0.5961323086161605
0.01,10,0.5,0.5,100,0.01,0.01,0.603459674743206,0.5770970777586188,0.5955165649377042
0.01,10,0.5,0.5,100,0.01,0.1,0.6028168120319963,0.5748544470965246,0.5941976165422973
0.01,10,0.5,0.5,100,0.01,1.0,0.6055484687648245,0.5736896568048646,0.5922131875755864
0.01,10,0.5,0.5,100,0.1,0.01,0.603138286929142,0.5749741044612164,0.5933730386673519
0.01,10,0.5,0.5,100,0.1,0.1,0.6020281417592329,0.5756963231350363,0.5934414206140184
0.01,10,0.5,0.5,100,0.1,1.0,0.6053876112225116,0.5777463500287828,0.5951361325238245
0.01,10,0.5,0.5,100,1.0,0.01,0.6042641935855906,0.5755672866827024,0.5932999566733477
0.01,10,0.5,0.5,100,1.0,0.1,0.6064573618935489,0.5756760849588625,0.5956502201013267
0.01,10,0.5,0.5,100,1.0,1.0,0.6027773748650276,0.5769367169781332,0.5922252981012317
0.01,10,0.5,0.7,40,0.01,0.01,0.6100046053580849,0.5832993753083353,0.5999560964298986
0.01,10,0.5,0.7,40,0.01,0.1,0.6098187470402566,0.5818752949301613,0.5974788170714593
0.01,10,0.5,0.7,40,0.01,1.0,0.6099549825852831,0.5846744795167629,0.5971970625651413
0.01,10,0.5,0.7,40,0.1,0.01,0.6080078310009751,0.5843775999924408,0.5961568296925838
0.01,10,0.5,0.7,40,0.1,0.1,0.6132283445855113,0.5843741956860441,0.5978788934622161
0.01,10,0.5,0.7,40,0.1,1.0,0.6096818507192563,0.5797733406814551,0.5993656417265913
0.01,10,0.5,0.7,40,1.0,0.01,0.6076820545631593,0.5837917755065662,0.5981178807272961
0.01,10,0.5,0.7,40,1.0,0.1,0.6095000158199196,0.5851347075936782,0.59617259988697
0.01,10,0.5,0.7,40,1.0,1.0,0.6099421907440075,0.584016983546333,0.5980574698844369
0.01,10,0.5,0.7,60,0.01,0.01,0.6051675721104406,0.5832711607131182,0.5967785598487532
0.01,10,0.5,0.7,60,0.01,0.1,0.6085481513766897,0.5801755936585163,0.5953973512996328
0.01,10,0.5,0.7,60,0.01,1.0,0.6062704023423997,0.5806218933758716,0.5961681427327792
0.01,10,0.5,0.7,60,0.1,0.01,0.6079166563509273,0.5817947344582476,0.5945849466980073
0.01,10,0.5,0.7,60,0.1,0.1,0.6074500391965452,0.5815918957147925,0.5947932091471164
0.01,10,0.5,0.7,60,0.1,1.0,0.6095602335800453,0.5812692568280264,0.5954202688610114
0.01,10,0.5,0.7,60,1.0,0.01,0.6049748359054772,0.5849895235796925,0.598357495666411
0.01,10,0.5,0.7,60,1.0,0.1,0.6075239786125447,0.5841540027808465,0.5986544846822228
0.01,10,0.5,0.7,60,1.0,1.0,0.6067428986652508,0.5826576073924769,0.5964983149623735
0.01,10,0.5,0.7,80,0.01,0.01,0.602420062108679,0.580354870608627,0.5948791894219418
0.01,10,0.5,0.7,80,0.01,0.1,0.6048898107982492,0.5789956238002524,0.5934795209123844
0.01,10,0.5,0.7,80,0.01,1.0,0.6033731376499174,0.5817027708445537,0.5953161857766878
0.01,10,0.5,0.7,80,0.1,0.01,0.6055516322055338,0.579118179332863,0.5946457785560517
0.01,10,0.5,0.7,80,0.1,0.1,0.6035839851932014,0.5820455412897303,0.596522773502791
0.01,10,0.5,0.7,80,0.1,1.0,0.605787485201857,0.5812319025684416,0.5962529156259595
0.01,10,0.5,0.7,80,1.0,0.01,0.602410858145866,0.5794130548133707,0.5952946957895393
0.01,10,0.5,0.7,80,1.0,0.1,0.6058474950200385,0.5784411437920467,0.5959513777922767
0.01,10,0.5,0.7,80,1.0,1.0,0.603961071043744,0.5791191339292188,0.5961323086161605
0.01,10,0.5,0.7,100,0.01,0.01,0.603459674743206,0.5770970777586188,0.5955165649377042
0.01,10,0.5,0.7,100,0.01,0.1,0.6028168120319963,0.5748544470965246,0.5941976165422973
0.01,10,0.5,0.7,100,0.01,1.0,0.6055484687648245,0.5736896568048646,0.5922131875755864
0.01,10,0.5,0.7,100,0.1,0.01,0.603138286929142,0.5749741044612164,0.5933730386673519
0.01,10,0.5,0.7,100,0.1,0.1,0.6020281417592329,0.5756963231350363,0.5934414206140184
0.01,10,0.5,0.7,100,0.1,1.0,0.6053876112225116,0.5777463500287828,0.5951361325238245
0.01,10,0.5,0.7,100,1.0,0.01,0.6042641935855906,0.5755672866827024,0.5932999566733477
0.01,10,0.5,0.7,100,1.0,0.1,0.6064573618935489,0.5756760849588625,0.5956502201013267
0.01,10,0.5,0.7,100,1.0,1.0,0.6027773748650276,0.5769367169781332,0.5922252981012317
0.01,10,0.5,1.0,40,0.01,0.01,0.6100046053580849,0.5832993753083353,0.5999560964298986
0.01,10,0.5,1.0,40,0.01,0.1,0.6098187470402566,0.5818752949301613,0.5974788170714593
0.01,10,0.5,1.0,40,0.01,1.0,0.6099549825852831,0.5846744795167629,0.5971970625651413
0.01,10,0.5,1.0,40,0.1,0.01,0.6080078310009751,0.5843775999924408,0.5961568296925838
0.01,10,0.5,1.0,40,0.1,0.1,0.6132283445855113,0.5843741956860441,0.5978788934622161
0.01,10,0.5,1.0,40,0.1,1.0,0.6096818507192563,0.5797733406814551,0.5993656417265913
0.01,10,0.5,1.0,40,1.0,0.01,0.6076820545631593,0.5837917755065662,0.5981178807272961
0.01,10,0.5,1.0,40,1.0,0.1,0.6095000158199196,0.5851347075936782,0.59617259988697
0.01,10,0.5,1.0,40,1.0,1.0,0.6099421907440075,0.584016983546333,0.5980574698844369
0.01,10,0.5,1.0,60,0.01,0.01,0.6051675721104406,0.5832711607131182,0.5967785598487532
0.01,10,0.5,1.0,60,0.01,0.1,0.6085481513766897,0.5801755936585163,0.5953973512996328
0.01,10,0.5,1.0,60,0.01,1.0,0.6062704023423997,0.5806218933758716,0.5961681427327792
0.01,10,0.5,1.0,60,0.1,0.01,0.6079166563509273,0.5817947344582476,0.5945849466980073
0.01,10,0.5,1.0,60,0.1,0.1,0.6074500391965452,0.5815918957147925,0.5947932091471164
0.01,10,0.5,1.0,60,0.1,1.0,0.6095602335800453,0.5812692568280264,0.5954202688610114
0.01,10,0.5,1.0,60,1.0,0.01,0.6049748359054772,0.5849895235796925,0.598357495666411
0.01,10,0.5,1.0,60,1.0,0.1,0.6075239786125447,0.5841540027808465,0.5986544846822228
0.01,10,0.5,1.0,60,1.0,1.0,0.6067428986652508,0.5826576073924769,0.5964983149623735
0.01,10,0.5,1.0,80,0.01,0.01,0.602420062108679,0.580354870608627,0.5948791894219418
0.01,10,0.5,1.0,80,0.01,0.1,0.6048898107982492,0.5789956238002524,0.5934795209123844
0.01,10,0.5,1.0,80,0.01,1.0,0.6033731376499174,0.5817027708445537,0.5953161857766878
0.01,10,0.5,1.0,80,0.1,0.01,0.6055516322055338,0.579118179332863,0.5946457785560517
0.01,10,0.5,1.0,80,0.1,0.1,0.6035839851932014,0.5820455412897303,0.596522773502791
0.01,10,0.5,1.0,80,0.1,1.0,0.605787485201857,0.5812319025684416,0.5962529156259595
0.01,10,0.5,1.0,80,1.0,0.01,0.602410858145866,0.5794130548133707,0.5952946957895393
0.01,10,0.5,1.0,80,1.0,0.1,0.6058474950200385,0.5784411437920467,0.5959513777922767
0.01,10,0.5,1.0,80,1.0,1.0,0.603961071043744,0.5791191339292188,0.5961323086161605
0.01,10,0.5,1.0,100,0.01,0.01,0.603459674743206,0.5770970777586188,0.5955165649377042
0.01,10,0.5,1.0,100,0.01,0.1,0.6028168120319963,0.5748544470965246,0.5941976165422973
0.01,10,0.5,1.0,100,0.01,1.0,0.6055484687648245,0.5736896568048646,0.5922131875755864
0.01,10,0.5,1.0,100,0.1,0.01,0.603138286929142,0.5749741044612164,0.5933730386673519
0.01,10,0.5,1.0,100,0.1,0.1,0.6020281417592329,0.5756963231350363,0.5934414206140184
0.01,10,0.5,1.0,100,0.1,1.0,0.6053876112225116,0.5777463500287828,0.5951361325238245
0.01,10,0.5,1.0,100,1.0,0.01,0.6042641935855906,0.5755672866827024,0.5932999566733477
0.01,10,0.5,1.0,100,1.0,0.1,0.6064573618935489,0.5756760849588625,0.5956502201013267
0.01,10,0.5,1.0,100,1.0,1.0,0.6027773748650276,0.5769367169781332,0.5922252981012317
0.01,10,0.7,0.5,40,0.01,0.01,0.6122730522500328,0.5816216378312831,0.6044346171446733
0.01,10,0.7,0.5,40,0.01,0.1,0.6102989949727071,0.5802667338775318,0.6027751982840652
0.01,10,0.7,0.5,40,0.01,1.0,0.6119654327490998,0.5811250900137326,0.6044375501006662
0.01,10,0.7,0.5,40,0.1,0.01,0.6123678301082792,0.5798855565076761,0.6036132973479112
0.01,10,0.7,0.5,40,0.1,0.1,0.6114411098370753,0.5797594848740516,0.6026971228312956
0.01,10,0.7,0.5,40,0.1,1.0,0.6091377451614794,0.5788402698372579,0.6037868185010726
0.01,10,0.7,0.5,40,1.0,0.01,0.6105165383141089,0.5807233632395541,0.6027817993073189
0.01,10,0.7,0.5,40,1.0,0.1,0.6086724838486434,0.5799264388622396,0.6030815927431838
0.01,10,0.7,0.5,40,1.0,1.0,0.6083917400519582,0.5805892861742962,0.603187748288766
0.01,10,0.7,0.5,60,0.01,0.01,0.605814673077159,0.5773905819167238,0.6018905660878554
0.01,10,0.7,0.5,60,0.01,0.1,0.605313358905214,0.5789086299450772,0.6013148789680866
0.01,10,0.7,0.5,60,0.01,1.0,0.6049241644977215,0.5789844889057287,0.6001205074774474
0.01,10,0.7,0.5,60,0.1,0.01,0.6071745067898566,0.5763729738108632,0.6005975946237392
0.01,10,0.7,0.5,60,0.1,0.1,0.6050095050621985,0.579959905110382,0.5998432277273142
0.01,10,0.7,0.5,60,0.1,1.0,0.6061880193976917,0.5791637090675475,0.5990630938994342
0.01,10,0.7,0.5,60,1.0,0.01,0.6051417900149245,0.5795146262300144,0.6005284328869007
0.01,10,0.7,0.5,60,1.0,0.1,0.6046998339260826,0.5770963394369036,0.6016502476043792
0.01,10,0.7,0.5,60,1.0,1.0,0.6069992373690283,0.5791155998767432,0.60002191500689
0.01,10,0.7,0.5,80,0.01,0.01,0.6028196968111477,0.5743239069689394,0.599201138493201
0.01,10,0.7,0.5,80,0.01,0.1,0.6040869964753122,0.5732084822409614,0.5991004779944173
0.01,10,0.7,0.5,80,0.01,1.0,0.6065708591493839,0.5767259124932187,0.5982102697425746
0.01,10,0.7,0.5,80,0.1,0.01,0.6069537026224907,0.5743783322079092,0.5980983566837221
0.01,10,0.7,0.5,80,0.1,0.1,0.6045432075954977,0.5734613870765817,0.5973778313147277
0.01,10,0.7,0.5,80,0.1,1.0,0.6057353830551523,0.576611114802017,0.5971492229875597
0.01,10,0.7,0.5,80,1.0,0.01,0.6066108104047547,0.5766250031140204,0.5996940762383809
0.01,10,0.7,0.5,80,1.0,0.1,0.6046791861527323,0.5733145220452213,0.5970077756706634
0.01,10,0.7,0.5,80,1.0,1.0,0.6066734904930787,0.5732264127733033,0.5984306639339927
0.01,10,0.7,0.5,100,0.01,0.01,0.6029710559206176,0.5735356425064311,0.5965750173535216
0.01,10,0.7,0.5,100,0.01,0.1,0.603713850652257,0.5726870313568203,0.5945983656908542
0.01,10,0.7,0.5,100,0.01,1.0,0.6022268374812919,0.5710089710035131,0.5944989865723446
0.01,10,0.7,0.5,100,0.1,0.01,0.6019676676200314,0.5711003458426345,0.5958357162914198
0.01,10,0.7,0.5,100,0.1,0.1,0.6027173401888102,0.5702748279129726,0.5957054551953651
0.01,10,0.7,0.5,100,0.1,1.0,0.6024460267346525,0.5728619184328088,0.596559549217831
0.01,10,0.7,0.5,100,1.0,0.01,0.602627372653149,0.5746266587677367,0.5972143460292842
0.01,10,0.7,0.5,100,1.0,0.1,0.6002768340641713,0.5717457787161844,0.5948692052305362
0.01,10,0.7,0.5,100,1.0,1.0,0.6034773470559587,0.5755289894136809,0.5955338659260668
0.01,10,0.7,0.7,40,0.01,0.01,0.6122730522500328,0.5816216378312831,0.6044346171446733
0.01,10,0.7,0.7,40,0.01,0.1,0.6102989949727071,0.5802667338775318,0.6027751982840652
0.01,10,0.7,0.7,40,0.01,1.0,0.6119654327490998,0.5811250900137326,0.6044375501006662
0.01,10,0.7,0.7,40,0.1,0.01,0.6123678301082792,0.5798855565076761,0.6036132973479112
0.01,10,0.7,0.7,40,0.1,0.1,0.6114411098370753,0.5797594848740516,0.6026971228312956
0.01,10,0.7,0.7,40,0.1,1.0,0.6091377451614794,0.5788402698372579,0.6037868185010726
0.01,10,0.7,0.7,40,1.0,0.01,0.6105165383141089,0.5807233632395541,0.6027817993073189
0.01,10,0.7,0.7,40,1.0,0.1,0.6086724838486434,0.5799264388622396,0.6030815927431838
0.01,10,0.7,0.7,40,1.0,1.0,0.6083917400519582,0.5805892861742962,0.603187748288766
0.01,10,0.7,0.7,60,0.01,0.01,0.605814673077159,0.5773905819167238,0.6018905660878554
0.01,10,0.7,0.7,60,0.01,0.1,0.605313358905214,0.5789086299450772,0.6013148789680866
0.01,10,0.7,0.7,60,0.01,1.0,0.6049241644977215,0.5789844889057287,0.6001205074774474
0.01,10,0.7,0.7,60,0.1,0.01,0.6071745067898566,0.5763729738108632,0.6005975946237392
0.01,10,0.7,0.7,60,0.1,0.1,0.6050095050621985,0.579959905110382,0.5998432277273142
0.01,10,0.7,0.7,60,0.1,1.0,0.6061880193976917,0.5791637090675475,0.5990630938994342
0.01,10,0.7,0.7,60,1.0,0.01,0.6051417900149245,0.5795146262300144,0.6005284328869007
0.01,10,0.7,0.7,60,1.0,0.1,0.6046998339260826,0.5770963394369036,0.6016502476043792
0.01,10,0.7,0.7,60,1.0,1.0,0.6069992373690283,0.5791155998767432,0.60002191500689
0.01,10,0.7,0.7,80,0.01,0.01,0.6028196968111477,0.5743239069689394,0.599201138493201
0.01,10,0.7,0.7,80,0.01,0.1,0.6040869964753122,0.5732084822409614,0.5991004779944173
0.01,10,0.7,0.7,80,0.01,1.0,0.6065708591493839,0.5767259124932187,0.5982102697425746
0.01,10,0.7,0.7,80,0.1,0.01,0.6069537026224907,0.5743783322079092,0.5980983566837221
0.01,10,0.7,0.7,80,0.1,0.1,0.6045432075954977,0.5734613870765817,0.5973778313147277
0.01,10,0.7,0.7,80,0.1,1.0,0.6057353830551523,0.576611114802017,0.5971492229875597
0.01,10,0.7,0.7,80,1.0,0.01,0.6066108104047547,0.5766250031140204,0.5996940762383809
0.01,10,0.7,0.7,80,1.0,0.1,0.6046791861527323,0.5733145220452213,0.5970077756706634
0.01,10,0.7,0.7,80,1.0,1.0,0.6066734904930787,0.5732264127733033,0.5984306639339927
0.01,10,0.7,0.7,100,0.01,0.01,0.6029710559206176,0.5735356425064311,0.5965750173535216
0.01,10,0.7,0.7,100,0.01,0.1,0.603713850652257,0.5726870313568203,0.5945983656908542
0.01,10,0.7,0.7,100,0.01,1.0,0.6022268374812919,0.5710089710035131,0.5944989865723446
0.01,10,0.7,0.7,100,0.1,0.01,0.6019676676200314,0.5711003458426345,0.5958357162914198
0.01,10,0.7,0.7,100,0.1,0.1,0.6027173401888102,0.5702748279129726,0.5957054551953651
0.01,10,0.7,0.7,100,0.1,1.0,0.6024460267346525,0.5728619184328088,0.596559549217831
0.01,10,0.7,0.7,100,1.0,0.01,0.602627372653149,0.5746266587677367,0.5972143460292842
0.01,10,0.7,0.7,100,1.0,0.1,0.6002768340641713,0.5717457787161844,0.5948692052305362
0.01,10,0.7,0.7,100,1.0,1.0,0.6034773470559587,0.5755289894136809,0.5955338659260668
0.01,10,0.7,1.0,40,0.01,0.01,0.6122730522500328,0.5816216378312831,0.6044346171446733
0.01,10,0.7,1.0,40,0.01,0.1,0.6102989949727071,0.5802667338775318,0.6027751982840652
0.01,10,0.7,1.0,40,0.01,1.0,0.6119654327490998,0.5811250900137326,0.6044375501006662
0.01,10,0.7,1.0,40,0.1,0.01,0.6123678301082792,0.5798855565076761,0.6036132973479112
0.01,10,0.7,1.0,40,0.1,0.1,0.6114411098370753,0.5797594848740516,0.6026971228312956
0.01,10,0.7,1.0,40,0.1,1.0,0.6091377451614794,0.5788402698372579,0.6037868185010726
0.01,10,0.7,1.0,40,1.0,0.01,0.6105165383141089,0.5807233632395541,0.6027817993073189
0.01,10,0.7,1.0,40,1.0,0.1,0.6086724838486434,0.5799264388622396,0.6030815927431838
0.01,10,0.7,1.0,40,1.0,1.0,0.6083917400519582,0.5805892861742962,0.603187748288766
0.01,10,0.7,1.0,60,0.01,0.01,0.605814673077159,0.5773905819167238,0.6018905660878554
0.01,10,0.7,1.0,60,0.01,0.1,0.605313358905214,0.5789086299450772,0.6013148789680866
0.01,10,0.7,1.0,60,0.01,1.0,0.6049241644977215,0.5789844889057287,0.6001205074774474
0.01,10,0.7,1.0,60,0.1,0.01,0.6071745067898566,0.5763729738108632,0.6005975946237392
0.01,10,0.7,1.0,60,0.1,0.1,0.6050095050621985,0.579959905110382,0.5998432277273142
0.01,10,0.7,1.0,60,0.1,1.0,0.6061880193976917,0.5791637090675475,0.5990630938994342
0.01,10,0.7,1.0,60,1.0,0.01,0.6051417900149245,0.5795146262300144,0.6005284328869007
0.01,10,0.7,1.0,60,1.0,0.1,0.6046998339260826,0.5770963394369036,0.6016502476043792
0.01,10,0.7,1.0,60,1.0,1.0,0.6069992373690283,0.5791155998767432,0.60002191500689
0.01,10,0.7,1.0,80,0.01,0.01,0.6028196968111477,0.5743239069689394,0.599201138493201
0.01,10,0.7,1.0,80,0.01,0.1,0.6040869964753122,0.5732084822409614,0.5991004779944173
0.01,10,0.7,1.0,80,0.01,1.0,0.6065708591493839,0.5767259124932187,0.5982102697425746
0.01,10,0.7,1.0,80,0.1,0.01,0.6069537026224907,0.5743783322079092,0.5980983566837221
0.01,10,0.7,1.0,80,0.1,0.1,0.6045432075954977,0.5734613870765817,0.5973778313147277
0.01,10,0.7,1.0,80,0.1,1.0,0.6057353830551523,0.576611114802017,0.5971492229875597
0.01,10,0.7,1.0,80,1.0,0.01,0.6066108104047547,0.5766250031140204,0.5996940762383809
0.01,10,0.7,1.0,80,1.0,0.1,0.6046791861527323,0.5733145220452213,0.5970077756706634
0.01,10,0.7,1.0,80,1.0,1.0,0.6066734904930787,0.5732264127733033,0.5984306639339927
0.01,10,0.7,1.0,100,0.01,0.01,0.6029710559206176,0.5735356425064311,0.5965750173535216
0.01,10,0.7,1.0,100,0.01,0.1,0.603713850652257,0.5726870313568203,0.5945983656908542
0.01,10,0.7,1.0,100,0.01,1.0,0.6022268374812919,0.5710089710035131,0.5944989865723446
0.01,10,0.7,1.0,100,0.1,0.01,0.6019676676200314,0.5711003458426345,0.5958357162914198
0.01,10,0.7,1.0,100,0.1,0.1,0.6027173401888102,0.5702748279129726,0.5957054551953651
0.01,10,0.7,1.0,100,0.1,1.0,0.6024460267346525,0.5728619184328088,0.596559549217831
0.01,10,0.7,1.0,100,1.0,0.01,0.602627372653149,0.5746266587677367,0.5972143460292842
0.01,10,0.7,1.0,100,1.0,0.1,0.6002768340641713,0.5717457787161844,0.5948692052305362
0.01,10,0.7,1.0,100,1.0,1.0,0.6034773470559587,0.5755289894136809,0.5955338659260668
0.01,10,1.0,0.5,40,0.01,0.01,0.6070766927715677,0.5783699922856268,0.6010211961613543
0.01,10,1.0,0.5,40,0.01,0.1,0.6069723015610582,0.577676748546261,0.6031397552122799
0.01,10,1.0,0.5,40,0.01,1.0,0.6069419700149659,0.5775480332919337,0.6009837989402933
0.01,10,1.0,0.5,40,0.1,0.01,0.6061936691652079,0.5779570234403693,0.604162438801144
0.01,10,1.0,0.5,40,0.1,0.1,0.6041033034785782,0.57607326267271,0.6017191845461639
0.01,10,1.0,0.5,40,0.1,1.0,0.6096337087207327,0.5744280176511005,0.6046134470021761
0.01,10,1.0,0.5,40,1.0,0.01,0.605967225977329,0.5767525168338343,0.6052715182923385
0.01,10,1.0,0.5,40,1.0,0.1,0.60815470461167,0.5770256767377244,0.6064746693658811
0.01,10,1.0,0.5,40,1.0,1.0,0.6051959831386478,0.5771321545803494,0.604271875179456
0.01,10,1.0,0.5,60,0.01,0.01,0.6049771735876387,0.5778828780435692,0.596000596167386
0.01,10,1.0,0.5,60,0.01,0.1,0.6040960165287064,0.5752419984877246,0.6003623791742533
0.01,10,1.0,0.5,60,0.01,1.0,0.6053576637511144,0.576624301478484,0.5998217572261194
0.01,10,1.0,0.5,60,0.1,0.01,0.6039780699935193,0.5742131036962452,0.5975415124069885
0.01,10,1.0,0.5,60,0.1,0.1,0.6056992585507495,0.5761137380405355,0.5992529722575284
0.01,10,1.0,0.5,60,0.1,1.0,0.6030496495025415,0.5750001550523102,0.5995544228893955
0.01,10,1.0,0.5,60,1.0,0.01,0.6046898936815767,0.5753993752705978,0.597978704542526
0.01,10,1.0,0.5,60,1.0,0.1,0.6002440429786802,0.5730943262412276,0.6006414227337062
0.01,10,1.0,0.5,60,1.0,1.0,0.6060001133343815,0.5723858685942018,0.6046249445813443
0.01,10,1.0,0.5,80,0.01,0.01,0.5998277687392,0.5705434215526319,0.594709567576184
0.01,10,1.0,0.5,80,0.01,0.1,0.5984706549668308,0.5697741311798732,0.5950803510880596
0.01,10,1.0,0.5,80,0.01,1.0,0.6023263892700238,0.5730449629158141,0.5959581587005169
0.01,10,1.0,0.5,80,0.1,0.01,0.5983253871168277,0.5734691618995267,0.5948612313418167
0.01,10,1.0,0.5,80,0.1,0.1,0.6014365904360612,0.5705575118387092,0.5885018088965909
0.01,10,1.0,0.5,80,0.1,1.0,0.6008003775454326,0.569847276667304,0.5953914187800802
0.01,10,1.0,0.5,80,1.0,0.01,0.6028654376890907,0.5672513882839859,0.5944731123943567
0.01,10,1.0,0.5,80,1.0,0.1,0.60054464298965,0.5717139121884001,0.5976667151549073
0.01,10,1.0,0.5,80,1.0,1.0,0.6025397336644966,0.5735342378591755,0.5931236790671447
0.01,10,1.0,0.5,100,0.01,0.01,0.6010553811073016,0.5647830761931694,0.5889903370562721
0.01,10,1.0,0.5,100,0.01,0.1,0.6005279449481851,0.5646170645758617,0.5939960248267213
0.01,10,1.0,0.5,100,0.01,1.0,0.5992937027958923,0.5657646376247176,0.5914459632635626
0.01,10,1.0,0.5,100,0.1,0.01,0.5995642555145221,0.5662830023719623,0.5897348716565287
0.01,10,1.0,0.5,100,0.1,0.1,0.6000480477133149,0.5661173110197062,0.5923907923725595
0.01,10,1.0,0.5,100,0.1,1.0,0.5993571041014422,0.5631844956303921,0.5894336741956987
0.01,10,1.0,0.5,100,1.0,0.01,0.6009982066819924,0.5661964777984795,0.5919625353953387
0.01,10,1.0,0.5,100,1.0,0.1,0.6000263350047368,0.5640976164437934,0.5912415187538311
0.01,10,1.0,0.5,100,1.0,1.0,0.5981785640745749,0.563720386155431,0.5917936440385334
0.01,10,1.0,0.7,40,0.01,0.01,0.6070766927715677,0.5783699922856268,0.6010211961613543
0.01,10,1.0,0.7,40,0.01,0.1,0.6069723015610582,0.577676748546261,0.6031397552122799
0.01,10,1.0,0.7,40,0.01,1.0,0.6069419700149659,0.5775480332919337,0.6009837989402933
0.01,10,1.0,0.7,40,0.1,0.01,0.6061936691652079,0.5779570234403693,0.604162438801144
0.01,10,1.0,0.7,40,0.1,0.1,0.6041033034785782,0.57607326267271,0.6017191845461639
0.01,10,1.0,0.7,40,0.1,1.0,0.6096337087207327,0.5744280176511005,0.6046134470021761
0.01,10,1.0,0.7,40,1.0,0.01,0.605967225977329,0.5767525168338343,0.6052715182923385
0.01,10,1.0,0.7,40,1.0,0.1,0.60815470461167,0.5770256767377244,0.6064746693658811
0.01,10,1.0,0.7,40,1.0,1.0,0.6051959831386478,0.5771321545803494,0.604271875179456
0.01,10,1.0,0.7,60,0.01,0.01,0.6049771735876387,0.5778828780435692,0.596000596167386
0.01,10,1.0,0.7,60,0.01,0.1,0.6040960165287064,0.5752419984877246,0.6003623791742533
0.01,10,1.0,0.7,60,0.01,1.0,0.6053576637511144,0.576624301478484,0.5998217572261194
0.01,10,1.0,0.7,60,0.1,0.01,0.6039780699935193,0.5742131036962452,0.5975415124069885
0.01,10,1.0,0.7,60,0.1,0.1,0.6056992585507495,0.5761137380405355,0.5992529722575284
0.01,10,1.0,0.7,60,0.1,1.0,0.6030496495025415,0.5750001550523102,0.5995544228893955
0.01,10,1.0,0.7,60,1.0,0.01,0.6046898936815767,0.5753993752705978,0.597978704542526
0.01,10,1.0,0.7,60,1.0,0.1,0.6002440429786802,0.5730943262412276,0.6006414227337062
0.01,10,1.0,0.7,60,1.0,1.0,0.6060001133343815,0.5723858685942018,0.6046249445813443
0.01,10,1.0,0.7,80,0.01,0.01,0.5998277687392,0.5705434215526319,0.594709567576184
0.01,10,1.0,0.7,80,0.01,0.1,0.5984706549668308,0.5697741311798732,0.5950803510880596
0.01,10,1.0,0.7,80,0.01,1.0,0.6023263892700238,0.5730449629158141,0.5959581587005169
0.01,10,1.0,0.7,80,0.1,0.01,0.5983253871168277,0.5734691618995267,0.5948612313418167
0.01,10,1.0,0.7,80,0.1,0.1,0.6014365904360612,0.5705575118387092,0.5885018088965909
0.01,10,1.0,0.7,80,0.1,1.0,0.6008003775454326,0.569847276667304,0.5953914187800802
0.01,10,1.0,0.7,80,1.0,0.01,0.6028654376890907,0.5672513882839859,0.5944731123943567
0.01,10,1.0,0.7,80,1.0,0.1,0.60054464298965,0.5717139121884001,0.5976667151549073
0.01,10,1.0,0.7,80,1.0,1.0,0.6025397336644966,0.5735342378591755,0.5931236790671447
0.01,10,1.0,0.7,100,0.01,0.01,0.6010553811073016,0.5647830761931694,0.5889903370562721
0.01,10,1.0,0.7,100,0.01,0.1,0.6005279449481851,0.5646170645758617,0.5939960248267213
0.01,10,1.0,0.7,100,0.01,1.0,0.5992937027958923,0.5657646376247176,0.5914459632635626
0.01,10,1.0,0.7,100,0.1,0.01,0.5995642555145221,0.5662830023719623,0.5897348716565287
0.01,10,1.0,0.7,100,0.1,0.1,0.6000480477133149,0.5661173110197062,0.5923907923725595
0.01,10,1.0,0.7,100,0.1,1.0,0.5993571041014422,0.5631844956303921,0.5894336741956987
0.01,10,1.0,0.7,100,1.0,0.01,0.6009982066819924,0.5661964777984795,0.5919625353953387
0.01,10,1.0,0.7,100,1.0,0.1,0.6000263350047368,0.5640976164437934,0.5912415187538311
0.01,10,1.0,0.7,100,1.0,1.0,0.5981785640745749,0.563720386155431,0.5917936440385334
0.01,10,1.0,1.0,40,0.01,0.01,0.6070766927715677,0.5783699922856268,0.6010211961613543
0.01,10,1.0,1.0,40,0.01,0.1,0.6069723015610582,0.577676748546261,0.6031397552122799
0.01,10,1.0,1.0,40,0.01,1.0,0.6069419700149659,0.5775480332919337,0.6009837989402933
0.01,10,1.0,1.0,40,0.1,0.01,0.6061936691652079,0.5779570234403693,0.604162438801144
0.01,10,1.0,1.0,40,0.1,0.1,0.6041033034785782,0.57607326267271,0.6017191845461639
0.01,10,1.0,1.0,40,0.1,1.0,0.6096337087207327,0.5744280176511005,0.6046134470021761
0.01,10,1.0,1.0,40,1.0,0.01,0.605967225977329,0.5767525168338343,0.6052715182923385
0.01,10,1.0,1.0,40,1.0,0.1,0.60815470461167,0.5770256767377244,0.6064746693658811
0.01,10,1.0,1.0,40,1.0,1.0,0.6051959831386478,0.5771321545803494,0.604271875179456
0.01,10,1.0,1.0,60,0.01,0.01,0.6049771735876387,0.5778828780435692,0.596000596167386
0.01,10,1.0,1.0,60,0.01,0.1,0.6040960165287064,0.5752419984877246,0.6003623791742533
0.01,10,1.0,1.0,60,0.01,1.0,0.6053576637511144,0.576624301478484,0.5998217572261194
0.01,10,1.0,1.0,60,0.1,0.01,0.6039780699935193,0.5742131036962452,0.5975415124069885
0.01,10,1.0,1.0,60,0.1,0.1,0.6056992585507495,0.5761137380405355,0.5992529722575284
0.01,10,1.0,1.0,60,0.1,1.0,0.6030496495025415,0.5750001550523102,0.5995544228893955
0.01,10,1.0,1.0,60,1.0,0.01,0.6046898936815767,0.5753993752705978,0.597978704542526
0.01,10,1.0,1.0,60,1.0,0.1,0.6002440429786802,0.5730943262412276,0.6006414227337062
0.01,10,1.0,1.0,60,1.0,1.0,0.6060001133343815,0.5723858685942018,0.6046249445813443
0.01,10,1.0,1.0,80,0.01,0.01,0.5998277687392,0.5705434215526319,0.594709567576184
0.01,10,1.0,1.0,80,0.01,0.1,0.5984706549668308,0.5697741311798732,0.5950803510880596
0.01,10,1.0,1.0,80,0.01,1.0,0.6023263892700238,0.5730449629158141,0.5959581587005169
0.01,10,1.0,1.0,80,0.1,0.01,0.5983253871168277,0.5734691618995267,0.5948612313418167
0.01,10,1.0,1.0,80,0.1,0.1,0.6014365904360612,0.5705575118387092,0.5885018088965909
0.01,10,1.0,1.0,80,0.1,1.0,0.6008003775454326,0.569847276667304,0.5953914187800802
0.01,10,1.0,1.0,80,1.0,0.01,0.6028654376890907,0.5672513882839859,0.5944731123943567
0.01,10,1.0,1.0,80,1.0,0.1,0.60054464298965,0.5717139121884001,0.5976667151549073
0.01,10,1.0,1.0,80,1.0,1.0,0.6025397336644966,0.5735342378591755,0.5931236790671447
0.01,10,1.0,1.0,100,0.01,0.01,0.6010553811073016,0.5647830761931694,0.5889903370562721
0.01,10,1.0,1.0,100,0.01,0.1,0.6005279449481851,0.5646170645758617,0.5939960248267213
0.01,10,1.0,1.0,100,0.01,1.0,0.5992937027958923,0.5657646376247176,0.5914459632635626
0.01,10,1.0,1.0,100,0.1,0.01,0.5995642555145221,0.5662830023719623,0.5897348716565287
0.01,10,1.0,1.0,100,0.1,0.1,0.6000480477133149,0.5661173110197062,0.5923907923725595
0.01,10,1.0,1.0,100,0.1,1.0,0.5993571041014422,0.5631844956303921,0.5894336741956987
0.01,10,1.0,1.0,100,1.0,0.01,0.6009982066819924,0.5661964777984795,0.5919625353953387
0.01,10,1.0,1.0,100,1.0,0.1,0.6000263350047368,0.5640976164437934,0.5912415187538311
0.01,10,1.0,1.0,100,1.0,1.0,0.5981785640745749,0.563720386155431,0.5917936440385334
0.01,25,0.5,0.5,40,0.01,0.01,0.6126187897385866,0.5822884281690711,0.5966945044310177
0.01,25,0.5,0.5,40,0.01,0.1,0.6103285383382079,0.5835352467859327,0.5979339157398114
0.01,25,0.5,0.5,40,0.01,1.0,0.6116732341644461,0.5826858727008097,0.5975396320588398
0.01,25,0.5,0.5,40,0.1,0.01,0.6108884403673777,0.583795883332402,0.5980938175016721
0.01,25,0.5,0.5,40,0.1,0.1,0.6128765688567526,0.5825198414135144,0.5987975624674596
0.01,25,0.5,0.5,40,0.1,1.0,0.6125205872107489,0.583799996439442,0.5985336075046281
0.01,25,0.5,0.5,40,1.0,0.01,0.613220381347958,0.5829391379842837,0.5972932721435037
0.01,25,0.5,0.5,40,1.0,0.1,0.6111073247178977,0.5833776249549385,0.5977531776319137
0.01,25,0.5,0.5,40,1.0,1.0,0.6130200240683095,0.585291779496021,0.6002647003887474
0.01,25,0.5,0.5,60,0.01,0.01,0.6075968612358462,0.5804622320550867,0.5963272071345598
0.01,25,0.5,0.5,60,0.01,0.1,0.6066967334551503,0.5802708585195286,0.5943519094702658
0.01,25,0.5,0.5,60,0.01,1.0,0.6094114878974736,0.5826553780192671,0.594790717263161
0.01,25,0.5,0.5,60,0.1,0.01,0.6094681482726,0.5811767833898189,0.5954280468144967
0.01,25,0.5,0.5,60,0.1,0.1,0.6094788971850632,0.5849614170390091,0.5930834820634685
0.01,25,0.5,0.5,60,0.1,1.0,0.6101010327002797,0.5821125415842616,0.595230872924714
0.01,25,0.5,0.5,60,1.0,0.01,0.6069829823938193,0.583442349197958,0.5941300622933621
0.01,25,0.5,0.5,60,1.0,0.1,0.611647895252554,0.5832603259443747,0.5962312874055604
0.01,25,0.5,0.5,60,1.0,1.0,0.6091897634746031,0.5838863931602901,0.5972758701299271
0.01,25,0.5,0.5,80,0.01,0.01,0.6071200736290889,0.5801942567346163,0.5937972181690221
0.01,25,0.5,0.5,80,0.01,0.1,0.607831908548637,0.5836299090716415,0.5946598459435884
0.01,25,0.5,0.5,80,0.01,1.0,0.6039300075390102,0.5813375558191973,0.595550240639334
0.01,25,0.5,0.5,80,0.1,0.01,0.6062954330926917,0.5805921235691618,0.5938100394473824
0.01,25,0.5,0.5,80,0.1,0.1,0.6069454102217724,0.5824927728330535,0.5949848408043845
0.01,25,0.5,0.5,80,0.1,1.0,0.607167065531216,0.5823747405000707,0.5952322513132405
0.01,25,0.5,0.5,80,1.0,0.01,0.6069080857067515,0.5797542823300998,0.5941098087969925
0.01,25,0.5,0.5,80,1.0,0.1,0.6059569970993639,0.5810390087070798,0.594724453938483
0.01,25,0.5,0.5,80,1.0,1.0,0.605749973890036,0.5804147301068643,0.5947425802533861
0.01,25,0.5,0.5,100,0.01,0.01,0.6052297935001233,0.578762784900439,0.5901738508136752
0.01,25,0.5,0.5,100,0.01,0.1,0.603871727339979,0.5780515023105562,0.5928175967902944
0.01,25,0.5,0.5,100,0.01,1.0,0.6073424650557555,0.5771456481930173,0.5930600896274247
0.01,25,0.5,0.5,100,0.1,0.01,0.605286445162441,0.5762437028330212,0.5928965561396953
0.01,25,0.5,0.5,100,0.1,0.1,0.603480678927381,0.5780475332376003,0.592594302505314
0.01,25,0.5,0.5,100,0.1,1.0,0.6052550919728015,0.5796508730101284,0.594842621661593
0.01,25,0.5,0.5,100,1.0,0.01,0.6041115683150113,0.5784552548157745,0.5927745582832731
0.01,25,0.5,0.5,100,1.0,0.1,0.6041303921058254,0.5820750943853014,0.5932350200062786
0.01,25,0.5,0.5,100,1.0,1.0,0.6061218036922527,0.5786460973261983,0.594813454406308
0.01,25,0.5,0.7,40,0.01,0.01,0.6126187897385866,0.5822884281690711,0.5966945044310177
0.01,25,0.5,0.7,40,0.01,0.1,0.6103285383382079,0.5835352467859327,0.5979339157398114
0.01,25,0.5,0.7,40,0.01,1.0,0.6116732341644461,0.5826858727008097,0.5975396320588398
0.01,25,0.5,0.7,40,0.1,0.01,0.6108884403673777,0.583795883332402,0.5980938175016721
0.01,25,0.5,0.7,40,0.1,0.1,0.6128765688567526,0.5825198414135144,0.5987975624674596
0.01,25,0.5,0.7,40,0.1,1.0,0.6125205872107489,0.583799996439442,0.5985336075046281
0.01,25,0.5,0.7,40,1.0,0.01,0.613220381347958,0.5829391379842837,0.5972932721435037
0.01,25,0.5,0.7,40,1.0,0.1,0.6111073247178977,0.5833776249549385,0.5977531776319137
0.01,25,0.5,0.7,40,1.0,1.0,0.6130200240683095,0.585291779496021,0.6002647003887474
0.01,25,0.5,0.7,60,0.01,0.01,0.6075968612358462,0.5804622320550867,0.5963272071345598
0.01,25,0.5,0.7,60,0.01,0.1,0.6066967334551503,0.5802708585195286,0.5943519094702658
0.01,25,0.5,0.7,60,0.01,1.0,0.6094114878974736,0.5826553780192671,0.594790717263161
0.01,25,0.5,0.7,60,0.1,0.01,0.6094681482726,0.5811767833898189,0.5954280468144967
0.01,25,0.5,0.7,60,0.1,0.1,0.6094788971850632,0.5849614170390091,0.5930834820634685
0.01,25,0.5,0.7,60,0.1,1.0,0.6101010327002797,0.5821125415842616,0.595230872924714
0.01,25,0.5,0.7,60,1.0,0.01,0.6069829823938193,0.583442349197958,0.5941300622933621
0.01,25,0.5,0.7,60,1.0,0.1,0.611647895252554,0.5832603259443747,0.5962312874055604
0.01,25,0.5,0.7,60,1.0,1.0,0.6091897634746031,0.5838863931602901,0.5972758701299271
0.01,25,0.5,0.7,80,0.01,0.01,0.6071200736290889,0.5801942567346163,0.5937972181690221
0.01,25,0.5,0.7,80,0.01,0.1,0.607831908548637,0.5836299090716415,0.5946598459435884
0.01,25,0.5,0.7,80,0.01,1.0,0.6039300075390102,0.5813375558191973,0.595550240639334
0.01,25,0.5,0.7,80,0.1,0.01,0.6062954330926917,0.5805921235691618,0.5938100394473824
0.01,25,0.5,0.7,80,0.1,0.1,0.6069454102217724,0.5824927728330535,0.5949848408043845
0.01,25,0.5,0.7,80,0.1,1.0,0.607167065531216,0.5823747405000707,0.5952322513132405
0.01,25,0.5,0.7,80,1.0,0.01,0.6069080857067515,0.5797542823300998,0.5941098087969925
0.01,25,0.5,0.7,80,1.0,0.1,0.6059569970993639,0.5810390087070798,0.594724453938483
0.01,25,0.5,0.7,80,1.0,1.0,0.605749973890036,0.5804147301068643,0.5947425802533861
0.01,25,0.5,0.7,100,0.01,0.01,0.6052297935001233,0.578762784900439,0.5901738508136752
0.01,25,0.5,0.7,100,0.01,0.1,0.603871727339979,0.5780515023105562,0.5928175967902944
0.01,25,0.5,0.7,100,0.01,1.0,0.6073424650557555,0.5771456481930173,0.5930600896274247
0.01,25,0.5,0.7,100,0.1,0.01,0.605286445162441,0.5762437028330212,0.5928965561396953
0.01,25,0.5,0.7,100,0.1,0.1,0.603480678927381,0.5780475332376003,0.592594302505314
0.01,25,0.5,0.7,100,0.1,1.0,0.6052550919728015,0.5796508730101284,0.594842621661593
0.01,25,0.5,0.7,100,1.0,0.01,0.6041115683150113,0.5784552548157745,0.5927745582832731
0.01,25,0.5,0.7,100,1.0,0.1,0.6041303921058254,0.5820750943853014,0.5932350200062786
0.01,25,0.5,0.7,100,1.0,1.0,0.6061218036922527,0.5786460973261983,0.594813454406308
0.01,25,0.5,1.0,40,0.01,0.01,0.6126187897385866,0.5822884281690711,0.5966945044310177
0.01,25,0.5,1.0,40,0.01,0.1,0.6103285383382079,0.5835352467859327,0.5979339157398114
0.01,25,0.5,1.0,40,0.01,1.0,0.6116732341644461,0.5826858727008097,0.5975396320588398
0.01,25,0.5,1.0,40,0.1,0.01,0.6108884403673777,0.583795883332402,0.5980938175016721
0.01,25,0.5,1.0,40,0.1,0.1,0.6128765688567526,0.5825198414135144,0.5987975624674596
0.01,25,0.5,1.0,40,0.1,1.0,0.6125205872107489,0.583799996439442,0.5985336075046281
0.01,25,0.5,1.0,40,1.0,0.01,0.613220381347958,0.5829391379842837,0.5972932721435037
0.01,25,0.5,1.0,40,1.0,0.1,0.6111073247178977,0.5833776249549385,0.5977531776319137
0.01,25,0.5,1.0,40,1.0,1.0,0.6130200240683095,0.585291779496021,0.6002647003887474
0.01,25,0.5,1.0,60,0.01,0.01,0.6075968612358462,0.5804622320550867,0.5963272071345598
0.01,25,0.5,1.0,60,0.01,0.1,0.6066967334551503,0.5802708585195286,0.5943519094702658
0.01,25,0.5,1.0,60,0.01,1.0,0.6094114878974736,0.5826553780192671,0.594790717263161
0.01,25,0.5,1.0,60,0.1,0.01,0.6094681482726,0.5811767833898189,0.5954280468144967
0.01,25,0.5,1.0,60,0.1,0.1,0.6094788971850632,0.5849614170390091,0.5930834820634685
0.01,25,0.5,1.0,60,0.1,1.0,0.6101010327002797,0.5821125415842616,0.595230872924714
0.01,25,0.5,1.0,60,1.0,0.01,0.6069829823938193,0.583442349197958,0.5941300622933621
0.01,25,0.5,1.0,60,1.0,0.1,0.611647895252554,0.5832603259443747,0.5962312874055604
0.01,25,0.5,1.0,60,1.0,1.0,0.6091897634746031,0.5838863931602901,0.5972758701299271
0.01,25,0.5,1.0,80,0.01,0.01,0.6071200736290889,0.5801942567346163,0.5937972181690221
0.01,25,0.5,1.0,80,0.01,0.1,0.607831908548637,0.5836299090716415,0.5946598459435884
0.01,25,0.5,1.0,80,0.01,1.0,0.6039300075390102,0.5813375558191973,0.595550240639334
0.01,25,0.5,1.0,80,0.1,0.01,0.6062954330926917,0.5805921235691618,0.5938100394473824
0.01,25,0.5,1.0,80,0.1,0.1,0.6069454102217724,0.5824927728330535,0.5949848408043845
0.01,25,0.5,1.0,80,0.1,1.0,0.607167065531216,0.5823747405000707,0.5952322513132405
0.01,25,0.5,1.0,80,1.0,0.01,0.6069080857067515,0.5797542823300998,0.5941098087969925
0.01,25,0.5,1.0,80,1.0,0.1,0.6059569970993639,0.5810390087070798,0.594724453938483
0.01,25,0.5,1.0,80,1.0,1.0,0.605749973890036,0.5804147301068643,0.5947425802533861
0.01,25,0.5,1.0,100,0.01,0.01,0.6052297935001233,0.578762784900439,0.5901738508136752
0.01,25,0.5,1.0,100,0.01,0.1,0.603871727339979,0.5780515023105562,0.5928175967902944
0.01,25,0.5,1.0,100,0.01,1.0,0.6073424650557555,0.5771456481930173,0.5930600896274247
0.01,25,0.5,1.0,100,0.1,0.01,0.605286445162441,0.5762437028330212,0.5928965561396953
0.01,25,0.5,1.0,100,0.1,0.1,0.603480678927381,0.5780475332376003,0.592594302505314
0.01,25,0.5,1.0,100,0.1,1.0,0.6052550919728015,0.5796508730101284,0.594842621661593
0.01,25,0.5,1.0,100,1.0,0.01,0.6041115683150113,0.5784552548157745,0.5927745582832731
0.01,25,0.5,1.0,100,1.0,0.1,0.6041303921058254,0.5820750943853014,0.5932350200062786
0.01,25,0.5,1.0,100,1.0,1.0,0.6061218036922527,0.5786460973261983,0.594813454406308
0.01,25,0.7,0.5,40,0.01,0.01,0.6102711962831169,0.5779852259444502,0.6050000299100935
0.01,25,0.7,0.5,40,0.01,0.1,0.6107119443584763,0.5806630546481759,0.6043313152124424
0.01,25,0.7,0.5,40,0.01,1.0,0.6095187331310242,0.5798097336851138,0.6036170366273057
0.01,25,0.7,0.5,40,0.1,0.01,0.6099187728948707,0.5820669430026277,0.6060548229009571
0.01,25,0.7,0.5,40,0.1,0.1,0.6105526688373941,0.580188453958264,0.603460920750533
0.01,25,0.7,0.5,40,0.1,1.0,0.6118078955283446,0.5799373640102929,0.6038863738230174
0.01,25,0.7,0.5,40,1.0,0.01,0.6120513543267921,0.579865708567089,0.6052869591227417
0.01,25,0.7,0.5,40,1.0,0.1,0.6123056430562743,0.5817667028790486,0.6054142623917369
0.01,25,0.7,0.5,40,1.0,1.0,0.611266449688975,0.5848400821022349,0.60307233142501
0.01,25,0.7,0.5,60,0.01,0.01,0.6085899806394748,0.5781575278538649,0.6021061539964706
0.01,25,0.7,0.5,60,0.01,0.1,0.6098437433648427,0.5779135977549175,0.6005780114162356
0.01,25,0.7,0.5,60,0.01,1.0,0.6045994657747302,0.5795737183926513,0.5984752531490671
0.01,25,0.7,0.5,60,0.1,0.01,0.6098441498960177,0.5790458958311481,0.6023058900675937
0.01,25,0.7,0.5,60,0.1,0.1,0.6063952265734662,0.5819803408727623,0.6014394046319613
0.01,25,0.7,0.5,60,0.1,1.0,0.6101992147042087,0.5768245119874794,0.6003208559371986
0.01,25,0.7,0.5,60,1.0,0.01,0.609022155821305,0.580111469429699,0.6015661534749273
0.01,25,0.7,0.5,60,1.0,0.1,0.6063109560137646,0.5785989037659229,0.6009625075834963
0.01,25,0.7,0.5,60,1.0,1.0,0.6090049384467433,0.5763497123200666,0.6005337429328659
0.01,25,0.7,0.5,80,0.01,0.01,0.6057437482006041,0.5748563179481426,0.5969818666171671
0.01,25,0.7,0.5,80,0.01,0.1,0.6035151181161245,0.5748650609802652,0.5971205615998338
0.01,25,0.7,0.5,80,0.01,1.0,0.6067503629404254,0.5768669764318309,0.5952479610918546
0.01,25,0.7,0.5,80,0.1,0.01,0.6072671105098104,0.5747945001354673,0.5985366317987506
0.01,25,0.7,0.5,80,0.1,0.1,0.6042568287045584,0.5749290654834541,0.5979804552466863
0.01,25,0.7,0.5,80,0.1,1.0,0.605523172215765,0.5798754023572017,0.5980757309597837
0.01,25,0.7,0.5,80,1.0,0.01,0.6059759744174398,0.5790408333250923,0.5998335428206705
0.01,25,0.7,0.5,80,1.0,0.1,0.6075640194976304,0.5730359516451524,0.6006156498352757
0.01,25,0.7,0.5,80,1.0,1.0,0.6066988163210789,0.5782298864036957,0.5994455502362059
0.01,25,0.7,0.5,100,0.01,0.01,0.6042328794124735,0.5717399702064481,0.596475794022868
0.01,25,0.7,0.5,100,0.01,0.1,0.6042661707681427,0.5735670624450153,0.5969687983525931
0.01,25,0.7,0.5,100,0.01,1.0,0.6060856999506294,0.5736596917927443,0.5945724044142611
0.01,25,0.7,0.5,100,0.1,0.01,0.6022329880852266,0.5735164297888125,0.597434259154859
0.01,25,0.7,0.5,100,0.1,0.1,0.6026423089514151,0.5686550012751329,0.5932325095797408
0.01,25,0.7,0.5,100,0.1,1.0,0.6035535458586494,0.574634650611712,0.5937443544498877
0.01,25,0.7,0.5,100,1.0,0.01,0.6049525557423003,0.5746890149161088,0.5948228107878458
0.01,25,0.7,0.5,100,1.0,0.1,0.6024823558458774,0.5775782243396324,0.595672563693774
0.01,25,0.7,0.5,100,1.0,1.0,0.6041154379402618,0.5756686375481646,0.5968499721998651
0.01,25,0.7,0.7,40,0.01,0.01,0.6102711962831169,0.5779852259444502,0.6050000299100935
0.01,25,0.7,0.7,40,0.01,0.1,0.6107119443584763,0.5806630546481759,0.6043313152124424
0.01,25,0.7,0.7,40,0.01,1.0,0.6095187331310242,0.5798097336851138,0.6036170366273057
0.01,25,0.7,0.7,40,0.1,0.01,0.6099187728948707,0.5820669430026277,0.6060548229009571
0.01,25,0.7,0.7,40,0.1,0.1,0.6105526688373941,0.580188453958264,0.603460920750533
0.01,25,0.7,0.7,40,0.1,1.0,0.6118078955283446,0.5799373640102929,0.6038863738230174
0.01,25,0.7,0.7,40,1.0,0.01,0.6120513543267921,0.579865708567089,0.6052869591227417
0.01,25,0.7,0.7,40,1.0,0.1,0.6123056430562743,0.5817667028790486,0.6054142623917369
0.01,25,0.7,0.7,40,1.0,1.0,0.611266449688975,0.5848400821022349,0.60307233142501
0.01,25,0.7,0.7,60,0.01,0.01,0.6085899806394748,0.5781575278538649,0.6021061539964706
0.01,25,0.7,0.7,60,0.01,0.1,0.6098437433648427,0.5779135977549175,0.6005780114162356
0.01,25,0.7,0.7,60,0.01,1.0,0.6045994657747302,0.5795737183926513,0.5984752531490671
0.01,25,0.7,0.7,60,0.1,0.01,0.6098441498960177,0.5790458958311481,0.6023058900675937
0.01,25,0.7,0.7,60,0.1,0.1,0.6063952265734662,0.5819803408727623,0.6014394046319613
0.01,25,0.7,0.7,60,0.1,1.0,0.6101992147042087,0.5768245119874794,0.6003208559371986
0.01,25,0.7,0.7,60,1.0,0.01,0.609022155821305,0.580111469429699,0.6015661534749273
0.01,25,0.7,0.7,60,1.0,0.1,0.6063109560137646,0.5785989037659229,0.6009625075834963
0.01,25,0.7,0.7,60,1.0,1.0,0.6090049384467433,0.5763497123200666,0.6005337429328659
0.01,25,0.7,0.7,80,0.01,0.01,0.6057437482006041,0.5748563179481426,0.5969818666171671
0.01,25,0.7,0.7,80,0.01,0.1,0.6035151181161245,0.5748650609802652,0.5971205615998338
0.01,25,0.7,0.7,80,0.01,1.0,0.6067503629404254,0.5768669764318309,0.5952479610918546
0.01,25,0.7,0.7,80,0.1,0.01,0.6072671105098104,0.5747945001354673,0.5985366317987506
0.01,25,0.7,0.7,80,0.1,0.1,0.6042568287045584,0.5749290654834541,0.5979804552466863
0.01,25,0.7,0.7,80,0.1,1.0,0.605523172215765,0.5798754023572017,0.5980757309597837
0.01,25,0.7,0.7,80,1.0,0.01,0.6059759744174398,0.5790408333250923,0.5998335428206705
0.01,25,0.7,0.7,80,1.0,0.1,0.6075640194976304,0.5730359516451524,0.6006156498352757
0.01,25,0.7,0.7,80,1.0,1.0,0.6066988163210789,0.5782298864036957,0.5994455502362059
0.01,25,0.7,0.7,100,0.01,0.01,0.6042328794124735,0.5717399702064481,0.596475794022868
0.01,25,0.7,0.7,100,0.01,0.1,0.6042661707681427,0.5735670624450153,0.5969687983525931
0.01,25,0.7,0.7,100,0.01,1.0,0.6060856999506294,0.5736596917927443,0.5945724044142611
0.01,25,0.7,0.7,100,0.1,0.01,0.6022329880852266,0.5735164297888125,0.597434259154859
0.01,25,0.7,0.7,100,0.1,0.1,0.6026423089514151,0.5686550012751329,0.5932325095797408
0.01,25,0.7,0.7,100,0.1,1.0,0.6035535458586494,0.574634650611712,0.5937443544498877
0.01,25,0.7,0.7,100,1.0,0.01,0.6049525557423003,0.5746890149161088,0.5948228107878458
0.01,25,0.7,0.7,100,1.0,0.1,0.6024823558458774,0.5775782243396324,0.595672563693774
0.01,25,0.7,0.7,100,1.0,1.0,0.6041154379402618,0.5756686375481646,0.5968499721998651
0.01,25,0.7,1.0,40,0.01,0.01,0.6102711962831169,0.5779852259444502,0.6050000299100935
0.01,25,0.7,1.0,40,0.01,0.1,0.6107119443584763,0.5806630546481759,0.6043313152124424
0.01,25,0.7,1.0,40,0.01,1.0,0.6095187331310242,0.5798097336851138,0.6036170366273057
0.01,25,0.7,1.0,40,0.1,0.01,0.6099187728948707,0.5820669430026277,0.6060548229009571
0.01,25,0.7,1.0,40,0.1,0.1,0.6105526688373941,0.580188453958264,0.603460920750533
0.01,25,0.7,1.0,40,0.1,1.0,0.6118078955283446,0.5799373640102929,0.6038863738230174
0.01,25,0.7,1.0,40,1.0,0.01,0.6120513543267921,0.579865708567089,0.6052869591227417
0.01,25,0.7,1.0,40,1.0,0.1,0.6123056430562743,0.5817667028790486,0.6054142623917369
0.01,25,0.7,1.0,40,1.0,1.0,0.611266449688975,0.5848400821022349,0.60307233142501
0.01,25,0.7,1.0,60,0.01,0.01,0.6085899806394748,0.5781575278538649,0.6021061539964706
0.01,25,0.7,1.0,60,0.01,0.1,0.6098437433648427,0.5779135977549175,0.6005780114162356
0.01,25,0.7,1.0,60,0.01,1.0,0.6045994657747302,0.5795737183926513,0.5984752531490671
0.01,25,0.7,1.0,60,0.1,0.01,0.6098441498960177,0.5790458958311481,0.6023058900675937
0.01,25,0.7,1.0,60,0.1,0.1,0.6063952265734662,0.5819803408727623,0.6014394046319613
0.01,25,0.7,1.0,60,0.1,1.0,0.6101992147042087,0.5768245119874794,0.6003208559371986
0.01,25,0.7,1.0,60,1.0,0.01,0.609022155821305,0.580111469429699,0.6015661534749273
0.01,25,0.7,1.0,60,1.0,0.1,0.6063109560137646,0.5785989037659229,0.6009625075834963
0.01,25,0.7,1.0,60,1.0,1.0,0.6090049384467433,0.5763497123200666,0.6005337429328659
0.01,25,0.7,1.0,80,0.01,0.01,0.6057437482006041,0.5748563179481426,0.5969818666171671
0.01,25,0.7,1.0,80,0.01,0.1,0.6035151181161245,0.5748650609802652,0.5971205615998338
0.01,25,0.7,1.0,80,0.01,1.0,0.6067503629404254,0.5768669764318309,0.5952479610918546
0.01,25,0.7,1.0,80,0.1,0.01,0.6072671105098104,0.5747945001354673,0.5985366317987506
0.01,25,0.7,1.0,80,0.1,0.1,0.6042568287045584,0.5749290654834541,0.5979804552466863
0.01,25,0.7,1.0,80,0.1,1.0,0.605523172215765,0.5798754023572017,0.5980757309597837
0.01,25,0.7,1.0,80,1.0,0.01,0.6059759744174398,0.5790408333250923,0.5998335428206705
0.01,25,0.7,1.0,80,1.0,0.1,0.6075640194976304,0.5730359516451524,0.6006156498352757
0.01,25,0.7,1.0,80,1.0,1.0,0.6066988163210789,0.5782298864036957,0.5994455502362059
0.01,25,0.7,1.0,100,0.01,0.01,0.6042328794124735,0.5717399702064481,0.596475794022868
0.01,25,0.7,1.0,100,0.01,0.1,0.6042661707681427,0.5735670624450153,0.5969687983525931
0.01,25,0.7,1.0,100,0.01,1.0,0.6060856999506294,0.5736596917927443,0.5945724044142611
0.01,25,0.7,1.0,100,0.1,0.01,0.6022329880852266,0.5735164297888125,0.597434259154859
0.01,25,0.7,1.0,100,0.1,0.1,0.6026423089514151,0.5686550012751329,0.5932325095797408
0.01,25,0.7,1.0,100,0.1,1.0,0.6035535458586494,0.574634650611712,0.5937443544498877
0.01,25,0.7,1.0,100,1.0,0.01,0.6049525557423003,0.5746890149161088,0.5948228107878458
0.01,25,0.7,1.0,100,1.0,0.1,0.6024823558458774,0.5775782243396324,0.595672563693774
0.01,25,0.7,1.0,100,1.0,1.0,0.6041154379402618,0.5756686375481646,0.5968499721998651
0.01,25,1.0,0.5,40,0.01,0.01,0.6084180593889803,0.5755639809905522,0.6052740957841369
0.01,25,1.0,0.5,40,0.01,0.1,0.6092948235528732,0.5771027625746971,0.5996979336988489
0.01,25,1.0,0.5,40,0.01,1.0,0.6084636428551138,0.5753000354601875,0.6030218705827237
0.01,25,1.0,0.5,40,0.1,0.01,0.611403568645966,0.5763686113047986,0.6020486054724925
0.01,25,1.0,0.5,40,0.1,0.1,0.6080629568681315,0.5771083814173792,0.6045294522123905
0.01,25,1.0,0.5,40,0.1,1.0,0.6039452297822936,0.5755723445854999,0.6007348717459957
0.01,25,1.0,0.5,40,1.0,0.01,0.6059120388337631,0.5739765052971875,0.6050101432513544
0.01,25,1.0,0.5,40,1.0,0.1,0.6086414617288427,0.5768053776472212,0.602574596641827
0.01,25,1.0,0.5,40,1.0,1.0,0.6069816759146391,0.5748031290392046,0.6032849686756399
0.01,25,1.0,0.5,60,0.01,0.01,0.6046500070181811,0.5774551206296628,0.5997224264163463
0.01,25,1.0,0.5,60,0.01,0.1,0.604301526987664,0.5786948107337309,0.5975184688644659
0.01,25,1.0,0.5,60,0.01,1.0,0.6065571505828945,0.5784821516843925,0.6004030354311788
0.01,25,1.0,0.5,60,0.1,0.01,0.604579016217298,0.5747030793205588,0.5986168406141483
0.01,25,1.0,0.5,60,0.1,0.1,0.605383743964641,0.5764715766101947,0.5997508530574663
0.01,25,1.0,0.5,60,0.1,1.0,0.6039521392572894,0.5787560488013221,0.6007041998536429
0.01,25,1.0,0.5,60,1.0,0.01,0.605817111746346,0.5748380311616175,0.5997647444993608
0.01,25,1.0,0.5,60,1.0,0.1,0.6030980276763696,0.5748564922590375,0.6010959258443451
0.01,25,1.0,0.5,60,1.0,1.0,0.6063732788817522,0.5759898383686741,0.6024190996487078
0.01,25,1.0,0.5,80,0.01,0.01,0.597052843302688,0.5723714976965564,0.5966928904160511
0.01,25,1.0,0.5,80,0.01,0.1,0.5929632965563046,0.5744068202481736,0.5977723292312065
0.01,25,1.0,0.5,80,0.01,1.0,0.6009313232904441,0.5724913645056848,0.5961161442921123
0.01,25,1.0,0.5,80,0.1,0.01,0.5949240242478826,0.5744136173893933,0.5990919762954338
0.01,25,1.0,0.5,80,0.1,0.1,0.60031136945814,0.5750429983943881,0.5968868066589043
0.01,25,1.0,0.5,80,0.1,1.0,0.6003418586314427,0.5763943059048993,0.5957656637492355
0.01,25,1.0,0.5,80,1.0,0.01,0.59938793541745,0.5760789258569069,0.596534464252864
0.01,25,1.0,0.5,80,1.0,0.1,0.6001245642583373,0.5720835504151882,0.5949134990527694
0.01,25,1.0,0.5,80,1.0,1.0,0.6020216184452669,0.573520503973334,0.5950651590158205
0.01,25,1.0,0.5,100,0.01,0.01,0.5955759986655618,0.5681739653043619,0.5934312432974922
0.01,25,1.0,0.5,100,0.01,0.1,0.5958794971809322,0.5670545003055343,0.5887475205123575
0.01,25,1.0,0.5,100,0.01,1.0,0.5989891673223866,0.5638632105317354,0.5920615979406754
0.01,25,1.0,0.5,100,0.1,0.01,0.5969669495389377,0.5673302450640709,0.5874896451381919
0.01,25,1.0,0.5,100,0.1,0.1,0.5998700527395395,0.5694950882069306,0.5912649384895489
0.01,25,1.0,0.5,100,0.1,1.0,0.5961055553833896,0.5713434441811113,0.5908681037069176
0.01,25,1.0,0.5,100,1.0,0.01,0.5980416003655447,0.5711259684611171,0.5924890080375822
0.01,25,1.0,0.5,100,1.0,0.1,0.5988023734383962,0.5695646322264127,0.5928532827561759
0.01,25,1.0,0.5,100,1.0,1.0,0.5998279673620637,0.568544557883981,0.5921202411085684
0.01,25,1.0,0.7,40,0.01,0.01,0.6084180593889803,0.5755639809905522,0.6052740957841369
0.01,25,1.0,0.7,40,0.01,0.1,0.6092948235528732,0.5771027625746971,0.5996979336988489
0.01,25,1.0,0.7,40,0.01,1.0,0.6084636428551138,0.5753000354601875,0.6030218705827237
0.01,25,1.0,0.7,40,0.1,0.01,0.611403568645966,0.5763686113047986,0.6020486054724925
0.01,25,1.0,0.7,40,0.1,0.1,0.6080629568681315,0.5771083814173792,0.6045294522123905
0.01,25,1.0,0.7,40,0.1,1.0,0.6039452297822936,0.5755723445854999,0.6007348717459957
0.01,25,1.0,0.7,40,1.0,0.01,0.6059120388337631,0.5739765052971875,0.6050101432513544
0.01,25,1.0,0.7,40,1.0,0.1,0.6086414617288427,0.5768053776472212,0.602574596641827
0.01,25,1.0,0.7,40,1.0,1.0,0.6069816759146391,0.5748031290392046,0.6032849686756399
0.01,25,1.0,0.7,60,0.01,0.01,0.6046500070181811,0.5774551206296628,0.5997224264163463
0.01,25,1.0,0.7,60,0.01,0.1,0.604301526987664,0.5786948107337309,0.5975184688644659
0.01,25,1.0,0.7,60,0.01,1.0,0.6065571505828945,0.5784821516843925,0.6004030354311788
0.01,25,1.0,0.7,60,0.1,0.01,0.604579016217298,0.5747030793205588,0.5986168406141483
0.01,25,1.0,0.7,60,0.1,0.1,0.605383743964641,0.5764715766101947,0.5997508530574663
0.01,25,1.0,0.7,60,0.1,1.0,0.6039521392572894,0.5787560488013221,0.6007041998536429
0.01,25,1.0,0.7,60,1.0,0.01,0.605817111746346,0.5748380311616175,0.5997647444993608
0.01,25,1.0,0.7,60,1.0,0.1,0.6030980276763696,0.5748564922590375,0.6010959258443451
0.01,25,1.0,0.7,60,1.0,1.0,0.6063732788817522,0.5759898383686741,0.6024190996487078
0.01,25,1.0,0.7,80,0.01,0.01,0.597052843302688,0.5723714976965564,0.5966928904160511
0.01,25,1.0,0.7,80,0.01,0.1,0.5929632965563046,0.5744068202481736,0.5977723292312065
0.01,25,1.0,0.7,80,0.01,1.0,0.6009313232904441,0.5724913645056848,0.5961161442921123
0.01,25,1.0,0.7,80,0.1,0.01,0.5949240242478826,0.5744136173893933,0.5990919762954338
0.01,25,1.0,0.7,80,0.1,0.1,0.60031136945814,0.5750429983943881,0.5968868066589043
0.01,25,1.0,0.7,80,0.1,1.0,0.6003418586314427,0.5763943059048993,0.5957656637492355
0.01,25,1.0,0.7,80,1.0,0.01,0.59938793541745,0.5760789258569069,0.596534464252864
0.01,25,1.0,0.7,80,1.0,0.1,0.6001245642583373,0.5720835504151882,0.5949134990527694
0.01,25,1.0,0.7,80,1.0,1.0,0.6020216184452669,0.573520503973334,0.5950651590158205
0.01,25,1.0,0.7,100,0.01,0.01,0.5955759986655618,0.5681739653043619,0.5934312432974922
0.01,25,1.0,0.7,100,0.01,0.1,0.5958794971809322,0.5670545003055343,0.5887475205123575
0.01,25,1.0,0.7,100,0.01,1.0,0.5989891673223866,0.5638632105317354,0.5920615979406754
0.01,25,1.0,0.7,100,0.1,0.01,0.5969669495389377,0.5673302450640709,0.5874896451381919
0.01,25,1.0,0.7,100,0.1,0.1,0.5998700527395395,0.5694950882069306,0.5912649384895489
0.01,25,1.0,0.7,100,0.1,1.0,0.5961055553833896,0.5713434441811113,0.5908681037069176
0.01,25,1.0,0.7,100,1.0,0.01,0.5980416003655447,0.5711259684611171,0.5924890080375822
0.01,25,1.0,0.7,100,1.0,0.1,0.5988023734383962,0.5695646322264127,0.5928532827561759
0.01,25,1.0,0.7,100,1.0,1.0,0.5998279673620637,0.568544557883981,0.5921202411085684
0.01,25,1.0,1.0,40,0.01,0.01,0.6084180593889803,0.5755639809905522,0.6052740957841369
0.01,25,1.0,1.0,40,0.01,0.1,0.6092948235528732,0.5771027625746971,0.5996979336988489
0.01,25,1.0,1.0,40,0.01,1.0,0.6084636428551138,0.5753000354601875,0.6030218705827237
0.01,25,1.0,1.0,40,0.1,0.01,0.611403568645966,0.5763686113047986,0.6020486054724925
0.01,25,1.0,1.0,40,0.1,0.1,0.6080629568681315,0.5771083814173792,0.6045294522123905
0.01,25,1.0,1.0,40,0.1,1.0,0.6039452297822936,0.5755723445854999,0.6007348717459957
0.01,25,1.0,1.0,40,1.0,0.01,0.6059120388337631,0.5739765052971875,0.6050101432513544
0.01,25,1.0,1.0,40,1.0,0.1,0.6086414617288427,0.5768053776472212,0.602574596641827
0.01,25,1.0,1.0,40,1.0,1.0,0.6069816759146391,0.5748031290392046,0.6032849686756399
0.01,25,1.0,1.0,60,0.01,0.01,0.6046500070181811,0.5774551206296628,0.5997224264163463
0.01,25,1.0,1.0,60,0.01,0.1,0.604301526987664,0.5786948107337309,0.5975184688644659
0.01,25,1.0,1.0,60,0.01,1.0,0.6065571505828945,0.5784821516843925,0.6004030354311788
0.01,25,1.0,1.0,60,0.1,0.01,0.604579016217298,0.5747030793205588,0.5986168406141483
0.01,25,1.0,1.0,60,0.1,0.1,0.605383743964641,0.5764715766101947,0.5997508530574663
0.01,25,1.0,1.0,60,0.1,1.0,0.6039521392572894,0.5787560488013221,0.6007041998536429
0.01,25,1.0,1.0,60,1.0,0.01,0.605817111746346,0.5748380311616175,0.5997647444993608
0.01,25,1.0,1.0,60,1.0,0.1,0.6030980276763696,0.5748564922590375,0.6010959258443451
0.01,25,1.0,1.0,60,1.0,1.0,0.6063732788817522,0.5759898383686741,0.6024190996487078
0.01,25,1.0,1.0,80,0.01,0.01,0.597052843302688,0.5723714976965564,0.5966928904160511
0.01,25,1.0,1.0,80,0.01,0.1,0.5929632965563046,0.5744068202481736,0.5977723292312065
0.01,25,1.0,1.0,80,0.01,1.0,0.6009313232904441,0.5724913645056848,0.5961161442921123
0.01,25,1.0,1.0,80,0.1,0.01,0.5949240242478826,0.5744136173893933,0.5990919762954338
0.01,25,1.0,1.0,80,0.1,0.1,0.60031136945814,0.5750429983943881,0.5968868066589043
0.01,25,1.0,1.0,80,0.1,1.0,0.6003418586314427,0.5763943059048993,0.5957656637492355
0.01,25,1.0,1.0,80,1.0,0.01,0.59938793541745,0.5760789258569069,0.596534464252864
0.01,25,1.0,1.0,80,1.0,0.1,0.6001245642583373,0.5720835504151882,0.5949134990527694
0.01,25,1.0,1.0,80,1.0,1.0,0.6020216184452669,0.573520503973334,0.5950651590158205
0.01,25,1.0,1.0,100,0.01,0.01,0.5955759986655618,0.5681739653043619,0.5934312432974922
0.01,25,1.0,1.0,100,0.01,0.1,0.5958794971809322,0.5670545003055343,0.5887475205123575
0.01,25,1.0,1.0,100,0.01,1.0,0.5989891673223866,0.5638632105317354,0.5920615979406754
0.01,25,1.0,1.0,100,0.1,0.01,0.5969669495389377,0.5673302450640709,0.5874896451381919
0.01,25,1.0,1.0,100,0.1,0.1,0.5998700527395395,0.5694950882069306,0.5912649384895489
0.01,25,1.0,1.0,100,0.1,1.0,0.5961055553833896,0.5713434441811113,0.5908681037069176
0.01,25,1.0,1.0,100,1.0,0.01,0.5980416003655447,0.5711259684611171,0.5924890080375822
0.01,25,1.0,1.0,100,1.0,0.1,0.5988023734383962,0.5695646322264127,0.5928532827561759
0.01,25,1.0,1.0,100,1.0,1.0,0.5998279673620637,0.568544557883981,0.5921202411085684
